Brandy,Allen,19810113,40,92130799,Brandy_Allen@hardy-griffin.com,Allen_54dd15e6a7704b1923795c94449cdcc40f2e332370c9feeedfbba25e87fef836
Jessica,Smith,19510531,70,97984639,Jessica_Smith@walsh-steele.com,Smith_69b70813225425b35344d41c80beeb3dc236e497215d160cb7e11320d935b86c
Dylan,Hernandez,19950301,26,31405951,Dylan_Hernandez@singleton-johnson.com,Hernandez_04544448debfb0ae582952445f63cd815ee6c692576beadd0d43081953d70080
Kristin,Hart,19661217,55,36255543,Kristin_Hart@ortega.com,Hart_3b26493851352db90b61e9934063ea3edec2c40cd0cf5fc3b61a6ded05eae35c
Beth,Martinez,19681225,53,87909191,Beth_Martinez@johnson.com,Martinez_204f4d9acc19de6abdc5e4ec94c93c96773e5f2cade70a4897ebb1391a3886a0
Lauren,Swanson,19610921,60,85204407,Lauren_Swanson@pena-pierce.com,Swanson_b3ea59f0982cf1ef673fa5f9ae81e5079826d82308a77868e5a5a0141f305b90
James,Bailey,19860710,35,26146743,James_Bailey@flynn.net,Bailey_6dd20254028c5b46ff84f22d686fc79de66490d1b434fc8b03348227055b5e83
Megan,Taylor,19931005,28,12610975,Megan_Taylor@montgomery.com,Taylor_7a3e1d8abcf7fb99b7d93b835a5540da0548cd14e0c0234003ac53b30634a98b
James,Rodriguez,19810717,40,50981423,James_Rodriguez@logan.com,Rodriguez_a7ea3890fdfcc797122e9aa23bf07f261b700f812ad282366e351f54958dab94
Danny,Simmons,19631013,58,26313911,Danny_Simmons@morales.com,Simmons_cd946dd752aba6dc1f054a2d329897fdd7c27beb5dfdae5f3ccb648b0a12292b
Brian,Powell,19591115,62,67153775,Brian_Powell@hernandez.com,Powell_c3379bb0673281414af0c0d8e5db4d846368b6d2496be8df3729db231d47745a
Sheri,Kline,19940609,27,33546343,Sheri_Kline@hinton.com,Kline_e724e4b85c588607e650cc3ccd1c11375e8754ba648e1d6d6c617288901484d9
Jeffery,Hill,19591223,62,26071551,Jeffery_Hill@cook-lloyd.com,Hill_e24f9e021ee374f15fccd0dc7bd3348c330d4da126ecded80b62024b70a4cae1
Jeremy,Lewis,19530107,69,44159519,Jeremy_Lewis@murray.com,Lewis_644d940b51d4270f4ed15723580b2b9aef46ca49a7d44c0cb66cca78b415dc89
Jacqueline,Conway,19710617,50,91842383,Jacqueline_Conway@robinson-carson.com,Conway_ae427167450f729bd514868e269f3aba0151fb8b101cdec30855643c2daaf649
Bethany,Williamson,19540310,67,40227935,Bethany_Williamson@flores.com,Williamson_2b72ad5a8ba9cb5d7afb1a05925bff2f3f4538f36786f4b6dd7e6e38e32e326a
Daniel,Gutierrez,19570311,64,93799931,Daniel_Gutierrez@santana-bryan.com,Gutierrez_ab6207186ff347935228a2d399051027176602525915211e275ff0f1e4495ee2
Donna,Juarez,19551206,66,60313867,Donna_Juarez@sanders-briggs.com,Juarez_df949d1daa0f31c4fd4516eec62f71550327e18ddeaff551c964219aa15ce205
Christina,Stone,19930320,28,34449775,Christina_Stone@medina.com,Stone_9ab9f88a0416e5c6e2530824650f0ab8fcd1ff4240cc6bf4e133bfa00a48d758
Leonard,Martinez,19560922,65,14452319,Leonard_Martinez@mcbride.com,Martinez_7564a0902c0ddf6942d73d6900280235e0af4d57a476e90049bacd88a681a9b4
Ashley,Frost,19521020,69,16473423,Ashley_Frost@brown-hill.com,Frost_ddfa1559739e41d75581334c60e6787e99471ac90b0ad9319e38f50c7b38f356
Brian,Contreras,19650807,56,89794399,Brian_Contreras@hill.net,Contreras_168d717c40256a95e802086aa2e59f3bd77bda368fe1ede4ac52ea314bbe5956
Erin,Davis,19600917,61,22992863,Erin_Davis@sanchez.net,Davis_dbcb2f43d6d78ee24e2d1461ff9afc05533a672fdaaaa6c3b060ec982166ec70
Carolyn,Harmon,19980124,23,55977599,Carolyn_Harmon@watts-horn.com,Harmon_6959812b7851104a23dec0ccf6307af3aea05565142f576cfedeacf2ecf5ee2c
Heather,Boyle,20030103,19,91679575,Heather_Boyle@lopez.com,Boyle_95a81f5b145fbfce1694e315ba7377c68c379a574a75b6e6ec24343f6d721893
Joshua,King,20000601,21,99342223,Joshua_King@hale.net,King_f3369017bdf0bbc44aa90343d7d7b0ae9a083e7a34dcf2fb68f05284b6210824
Nichole,Delgado,19720305,49,60338223,Nichole_Delgado@dixon-cruz.com,Delgado_f68ba96c286880b24428ee6f55c182f503ff56d10aef1dea2963f338c7a367e4
Patricia,Olsen,19981124,23,70673187,Patricia_Olsen@haynes-blankenship.com,Olsen_98e22b90e1c37cc9c394405c7ef32baf2e62678b3949b2dfd9a0a8d6a8491e82
Tony,Perry,19731009,48,11231827,Tony_Perry@lewis-holland.com,Perry_97bbbb8aad5a7197ea47888f4c19cc34b31563c305466ffabdd55e1f1ac71b91
Leslie,Preston,19721005,49,71892959,Leslie_Preston@johns.com,Preston_b78bce5c0a8ed32d56280cc8dba253940694c21f225cd6bef3cb1f9f53137431
Mary,Perry,19730808,48,57879711,Mary_Perry@williams.net,Perry_e86258709901ea02cf5f9e1bcbad89fba41563977bc6cc218f6459e64c1e1d0a
Jennifer,Jimenez,19921121,29,59592559,Jennifer_Jimenez@morgan.com,Jimenez_5ed59d48636ffca0773d30df60e9ea53b4eec3442ce2d14ce653e8e266a0837d
Maxwell,Cole,19510203,70,41796463,Maxwell_Cole@larson.com,Cole_92aa4ef3265f0fc4c490f1848438bf3a039a896d4ad7be6ff8cebf548ce26e72
Gabriel,Preston,19961120,25,88336263,Gabriel_Preston@black.com,Preston_b6298bc2538c3abf8198a98e1fb470172550746988686eb018012f8fc9ccedc7
Angela,Mitchell,19690105,53,50190223,Angela_Mitchell@moreno-evans.com,Mitchell_06d3f9c7bef60a27bf309a468391c4af41aa3722a00c125e3584c7ee033aa1d6
Jordan,Cruz,19580323,63,42355435,Jordan_Cruz@clark-dickerson.com,Cruz_a019e53e7aea8d7a3f3c19ec08d1bfe1ccc4f855f5fb3ad3c6fb9f1b50fad178
Stephanie,Howe,19630509,58,37283343,Stephanie_Howe@allen.com,Howe_80a05c94c530766643f10a7ea509ad3ea4ea264c659a1b77226bee3622180c3c
Kevin,Mayo,19761029,45,76234311,Kevin_Mayo@pope-jones.com,Mayo_d6f2e82e006bc0cdc4000d781c9b1bac176ee3a8d5c9bd64fbe497180c78b484
Wayne,Baker,19671227,54,92067207,Wayne_Baker@brown.com,Baker_726e6df377c84a17090c5792f62305e9b23abf7bb0b3a7255a1ccecd09ed54b9
Richard,Tucker,19710625,50,53838335,Richard_Tucker@murphy.com,Tucker_0eb60d2f441e2a330793a6f95609052635d5a1a1aaac8a6a7090371a69970cf2
Stephanie,Robertson,20020508,19,75259367,Stephanie_Robertson@owen-rodriguez.com,Robertson_e101e70147ff93269cfbd6cf00933d94a1d589f2a51222749a554622d61e3323
Thomas,Forbes,19591023,62,25036935,Thomas_Forbes@beck.com,Forbes_60d80958ff2d2e4db522278218f6b1d2938923485b8821668f119bfbc3bb90f3
Shirley,Ruiz,19721208,49,23759691,Shirley_Ruiz@house-gay.com,Ruiz_fa57195fa809c3c784439f56f5d8710bee695a1f097ba0ed4e748dccfcddc8d1
Brian,Wyatt,19581211,63,63631399,Brian_Wyatt@wright-young.com,Wyatt_ac546c6a06876c85afa369e4d10655f8819d7cf0df6585f590f22fbad4af7b32
Stacey,Yates,19920812,29,30115967,Stacey_Yates@lewis.com,Yates_d9866715d57673decc5f8ac8ac8d8f8880bf0351eba7b39777e4314dce436770
Kathryn,Dyer,19591012,62,57873103,Kathryn_Dyer@walker.com,Dyer_3c23f9cc8d53a13e6b6d96b45d335bc899e7e98c39ddef8d7e2f4fd5de7545d5
Jason,Malone,19550305,66,47278299,Jason_Malone@allen.com,Malone_e6453f627fe2517318ca0a3c27dcf3156fed74bbf5a18fc9607582c01ccb1afb
Lori,Larson,19630807,58,38397103,Lori_Larson@flowers.com,Larson_06714205a98fe2f384d20866a0246b450f31f1d9233b222fb4589928e29cef16
Tracy,Brown,19720823,49,26044711,Tracy_Brown@joyce.com,Brown_8baf8f3c7777df288d5eda9a1e2c6ec65e0d767a9a09b6edb85bdbfa82257f63
Jeff,Baker,19670424,54,57871767,Jeff_Baker@bentley.com,Baker_4cd378336ee829b38e837efa87d501cc09da588032f99e980acbaaa1c4d8bd36
Vincent,Martin,19840124,37,55457087,Vincent_Martin@wright-lee.com,Martin_92713604ad08616e5c7aed19e2fc7c2b38399ac2451c5b426c4e09605b6ec6b1
Amy,Haynes,19600314,61,41563455,Amy_Haynes@levy.com,Haynes_18bc270399a5a0874fa1bfa2f9d711ed7a45619853e9f53a8c3ea10e321042cc
Joseph,Hill,20020923,19,89902687,Joseph_Hill@rodriguez-newton.com,Hill_0d4d989af93013b391728a24ff49b99e7c0f03642e1959b268597e0042bd3206
Randy,Moyer,20030617,18,32958939,Randy_Moyer@jennings-brown.com,Moyer_839f379adcdf88fce3db01ef768b363cd1b9e87d96c8337a1b316acd444045df
Sheila,Brown,19821128,39,32490999,Sheila_Brown@stevens-edwards.com,Brown_565a732c91eca7490530186309ff9eb7a296bb13730dfb3007b608839c11fd45
Taylor,Lopez,19570522,64,17889439,Taylor_Lopez@jones-salazar.com,Lopez_d2a7dfed8c371146dfea9dd51594022232154ea7eca17141ed0a3ecb3425e7b9
Anthony,Gross,19660423,55,92193723,Anthony_Gross@pratt.com,Gross_9a287c7dca4132c82adb4c1e64a8ce19799bd9785f6b90f8510cf00575b3ad9f
Kim,Hull,20030619,18,69198923,Kim_Hull@king.com,Hull_d011766bf1552e6a5b2fcd639c8dca3657c5d52c48fcd1a388652e660b1ef8aa
Jennifer,Martin,19830527,38,83212175,Jennifer_Martin@moore.com,Martin_82381506d6eddc7ae52f0ffa2ce4b3c1561fe9c0ce098e8b91b2038ce69331d9
Joseph,Chan,19660922,55,19544079,Joseph_Chan@hutchinson-gutierrez.com,Chan_f9d1ec52bbb7ba2f74be02cb8434401baf02dcba1f91aa079830431e7c3f11a7
Wendy,Smith,19700128,51,60349279,Wendy_Smith@smith-webb.com,Smith_85c0b7c1f09b1df677a60e9eabcad9b6a7dea28bb06f431e405f9a15f6b1fde6
Ricardo,Cruz,19780502,43,83436279,Ricardo_Cruz@salazar-manning.com,Cruz_5d6f3aa7a735db3d80644e350657a7535ac03702ff2e3eb836ba2c6886cc1cf1
Brett,House,19841126,37,98114087,Brett_House@rose-clarke.com,House_3cb13459abb3bd5641d8fad1e8cde5f8db23a1827a19a06e15a8c274b8776a2c
Christine,Cohen,19940621,27,80232231,Christine_Cohen@rich-bell.com,Cohen_0fcc4abebddcf5d5ee17f674fd395721e849fd75d403410b02942a4953b0f2ca
Raymond,Conner,19970128,24,95736583,Raymond_Conner@oneal-johnson.com,Conner_7197071ec100bbdd49885b2c27989ceb7e5293cc9aca367ca1d507b695cf4212
Heather,Arroyo,19790709,42,36165719,Heather_Arroyo@martinez.com,Arroyo_440224c725e46d29dd38703d54b6d7f9411a935f2b864c493c9d2b195e2e4010
Madison,Mejia,19530323,68,73824679,Madison_Mejia@sims.com,Mejia_10b0a0b06811a33ee1e5a5fbb3c9385f89751ce0c9fcc4c305d2e24cc065b65f
Renee,Martin,19810421,40,55803823,Renee_Martin@crawford-walker.com,Martin_caab29af605bd14f66b7870d7ab431949fb8e48c5afdc95f38a98777f1b68738
Crystal,Jones,19620914,59,39588047,Crystal_Jones@webb.com,Jones_85733aaae3d1090fcef14843eb4a614b84b5a93651f24aeff52f31b3ed4a04ce
Charles,Gonzalez,19710404,50,94465511,Charles_Gonzalez@navarro.com,Gonzalez_bc4a42dc3d0c420e9a08857ba893b8bb3be63012193ebfc143b11c0199e6309d
Stuart,Daniels,20020317,19,38551603,Stuart_Daniels@castro.com,Daniels_c934daa48ea514ba16c5b414e0c6912054c5b56c48a01e6ef0537aefd8d08a9c
Ernest,Blake,19990621,22,27155511,Ernest_Blake@long.com,Blake_ed1550576079b076ec2068adae8d74348d59dc7c4061d6dacb71790f7075a634
Tyler,Rodriguez,19691123,52,38316039,Tyler_Rodriguez@nelson.com,Rodriguez_c3743a1e6370b73cb5c5a7ace0a5c09f65a825913d3e436b10b399d7d4b2f0a6
Laura,Sandoval,19860913,35,17475623,Laura_Sandoval@brown.com,Sandoval_6592db5d4ca0acce886014b615824d7059ade9210a9d03443eaa91bd12047dff
Craig,Hendricks,19951018,26,51721063,Craig_Hendricks@garcia-higgins.com,Hendricks_a352c85f0fc5e73e0561e47c073f05cbea4bcd70cafa460867886d258b46cca4
Deborah,Olson,19570508,64,92118339,Deborah_Olson@greene.com,Olson_f008190f3ff98ff16c078f75bd819c0872033791c709d05e74aea1c3da14840c
Ms.,Rachel,19540212,67,55824367,Rachel_Hill@gutierrez.com,Rachel_bc8273b259efbac62df9e462922cca9aadad0637f34e765d6be7bcbd17b8b40f
William,Beltran,19850313,36,16495975,William_Beltran@bean.com,Beltran_b42ac8fab0d9bb6e33459c235da34c3b91e435adbc114c00435f447fd6adf5fa
Stanley,Conway,19850905,36,71853567,Stanley_Conway@adams.com,Conway_b17c3cfb1486dd86995f94c2a5c301e728cf116fecda6ba674cb7a83f14427cc
Dr.,Joel,19720920,49,49665991,Joel_Myers@smith-willis.net,Joel_1466d1702ab9192dead7259956398ede9bc8226392136041ece8341f7fdd030f
Erica,Weber,19930908,28,20074939,Erica_Weber@harris-fox.com,Weber_dcb984dc7ff32ce7b944874132ad17a08b14efa197a6c33630e2f124bf9eecc8
Lisa,Marquez,19710326,50,18443671,Lisa_Marquez@day-smith.com,Marquez_7aa36bbfe967fdd0d4ac2e1f78be46a1a73046c2514366cfff19dc3146e73e43
Brittany,Hill,19870605,34,90817791,Brittany_Hill@rogers-hoffman.com,Hill_2c87a6fcb5cd857ad9d017110d066734e4bb756a6bd63056e0bebfaee1fac92f
John,Mendoza,19850519,36,85845135,John_Mendoza@mahoney.com,Mendoza_fa60ded1fbfb404436dbcb65387c8e8fdc64f9b662f216856d13aff5f9c4f75f
Jay,Parker,19930930,28,57583783,Jay_Parker@fowler.net,Parker_311d63ffaa938c945e17b79406d4572d49d569ab7a3e8c921cbca3bedbed6411
Crystal,Blake,19701117,51,97878511,Crystal_Blake@parker.com,Blake_e7660ca65944d6413f41b90e62762f3a0c85cbf8b8ce9ddceec709a94293ff9a
Robert,Perez,19690528,52,38876643,Robert_Perez@anderson-shaw.net,Perez_6ff11198d7903051218a07edee853c6057a6d28b0ec8a7d603ae34e833d7fa89
Angela,Johnson,19840827,37,62439103,Angela_Johnson@stewart.com,Johnson_5dcbaa9c72faf3424d4204d934e31d57f264f5924d7e4a33017e514fb5ec6e85
Lauren,Rodriguez,19931016,28,27106623,Lauren_Rodriguez@soto.com,Rodriguez_a9b997e6459b756711f1cdaab1840f186af0ba3c7f55a5daf03adae5e54a27b2
John,Frank,19500519,71,42691023,John_Frank@martin.com,Frank_4dfb909bfc068fa5d7d7515a8b358a87ae3c81c05d24a63e5abd4b75bf9fca02
Carmen,Barajas,19810526,40,34685455,Carmen_Barajas@smith.com,Barajas_62836c7876748bf6330a1954567e296b22656faf788a9de0cda9329d76da75a8
Matthew,Fuentes,19660329,55,33411447,Matthew_Fuentes@miranda.com,Fuentes_0598c7a05260e8b9a0550116183e5c64d3a73fc51b49ce13415ec259dd8476a7
Kathleen,Ali,19960602,25,45338687,Kathleen_Ali@horn-rogers.com,Ali_a27465e19fbcdc2a13ce4b33dff3efe5a7d9ac639f9425a9f0ad2a8703fb7b19
Derrick,Lane,19890916,32,65837219,Derrick_Lane@yates.com,Lane_24958cfa00335fe213f2022ef4a844e029e7d1876e17ac5126a80c77454b53bc
Connie,Harper,19950627,26,21369119,Connie_Harper@lewis.com,Harper_709ac1e04b50e727711ad2529b8bdefb2d1dd55dc8aa6b46a53e5741c3080413
Samuel,Lee,19740902,47,57636831,Samuel_Lee@gardner-rodriguez.net,Lee_d3d5c7e3c16383922dc5e8bdf37a7e48b54f3dacb40c4a6785f4ff2f05eabc65
Dana,Hernandez,19940126,27,50236391,Dana_Hernandez@jackson.com,Hernandez_3d7b1bd9d2b30c63ca2cbabf9bb4d86305b3489411658bb3a2c5a9505a897294
Jose,Reyes,19700929,51,94563263,Jose_Reyes@garcia.com,Reyes_0a636dab17deddab1aaee032540fda51045c3cbe14ddec147e902b34e014f681
Destiny,Lutz,19941204,27,87853607,Destiny_Lutz@thompson-wright.com,Lutz_6aa1c239530c864ecc39f58298792a1d67fde8aef1a5a2be41144a4bda8145a6
Amanda,Evans,19590224,62,92559519,Amanda_Evans@cox.com,Evans_62a52d7b1ab9dbbd30746ce13693a426f00dbe7b924c45f83a8fde995612b2d9
Samantha,Sullivan,19600423,61,64913455,Samantha_Sullivan@cunningham-williams.com,Sullivan_614951400a8843674b51d6fc534f7bcefccff2dca1ab6fa8402b8a2b9ed93eb8
Tony,Crawford,19870818,34,15997263,Tony_Crawford@moore.com,Crawford_a2a35b26ce855827b1b4443279de57aa837404a80de351ddf51879cd01539319
Raven,Ford,19960213,25,13519207,Raven_Ford@mcdowell.com,Ford_3670131fed7d9648886c9c6861144a1f31c83d8014ee2d837f41818602a50d77
Carrie,Martinez,19740124,47,96107743,Carrie_Martinez@hendrix.com,Martinez_a7c339adcbf5d770355b2b544eee20c5e69dc6adc2313ff71bbd043f5e637276
Kathy,Leblanc,19810227,40,69067343,Kathy_Leblanc@warren-gray.com,Leblanc_25e89e406d302e886bf3b85a5966cb51161b2505a9bf96618ab71d9d45f63015
Matthew,Salazar,19991211,22,50895327,Matthew_Salazar@jones-jones.com,Salazar_8a3911619d85bec2553062aad6fd114f4604520dee77261db708e3e9718952c2
William,Powell,19670721,54,71832243,William_Powell@harrell.com,Powell_d1cfb357d416aca0c37e4b57882fa96bda143e8206ba22337a3f9df7c48382d6
Carl,Taylor,19751201,46,27075015,Carl_Taylor@melendez.com,Taylor_90a08c5162798cea3807091180d0d7a6dd1f117a64679e6e7e97b50676d71bce
John,Roberts,19540315,67,16513279,John_Roberts@hendricks.com,Roberts_d606a5f948e9a58e76d1a9f4b1ecc482337d0e9775ae145375307cddf5331d7a
Alicia,Mccarty,19820916,39,57669519,Alicia_Mccarty@beasley.com,Mccarty_a4b9deb9f9c8609ed2b15b27a37746d423300ba2c031372e5538a8348c3f9c62
Brandi,Jenkins,19651228,56,79308567,Brandi_Jenkins@miller.com,Jenkins_27fe61e9b925553149a4befc51201da70a0e4ff00e1ab691397ac23aa12c52e2
Nicholas,Caldwell,19770714,44,42525999,Nicholas_Caldwell@hurley-bass.com,Caldwell_92d7687bc3fa9163cc79ecf47dbd47c03f426fd0a54f216daaa09208b4cd2f12
Michael,Kline,19650623,56,20968343,Michael_Kline@phelps-alvarez.com,Kline_6fe75ac8bd097d70c4b1e1b825bb3b269f1f1b1c369b27d938487e8634091133
Kathleen,Allen,19860113,35,38829559,Kathleen_Allen@cook.com,Allen_b02ca6746893605d1eb5a121b45531f3c88fea0b179ceccb844ffbd13a96fa23
Adam,Jones,19730316,48,55082935,Adam_Jones@ashley.com,Jones_575ba2f61e3a823c581cc92d929d2feda17769bd3d4bc127b56c452c259b63a1
Daniel,Grimes,19821126,39,61518103,Daniel_Grimes@keith.com,Grimes_2efc5159fdb270eee71c868bb5b225a169cd16ad52dbcd1f4bfed2d8fb740293
Aaron,Brown,19860502,35,43815191,Aaron_Brown@yates.com,Brown_9035e031ffafc777bf92eb2e14e29ca5e4515895eb2354c435f961786a499eab
Kristen,Kirk,19590823,62,97993751,Kristen_Kirk@ayers.com,Kirk_079a306d9dc150a9d9c9ade0daa603289feffb8d8d4c06a5648c65e87458c3b3
Alexander,Merritt,19800913,41,33574735,Alexander_Merritt@butler.net,Merritt_696fdbbbeca1d661563a3b808ff9afa7c353f7b45c6d052e7dd34a51986c61c6
Jennifer,Montgomery,19710715,50,53834071,Jennifer_Montgomery@estrada-cole.com,Montgomery_1a3346c45eafef3be84276c161bf4f5e20dccb30ca6b43b40d88eb6ecbfa6870
James,Rogers,19930704,28,65821255,James_Rogers@green.net,Rogers_656af43dbc1504f3d3d4fe40ad80e91fa84e65e22eb4e2b7178ed4538fe3acb5
William,King,19841115,37,21561215,William_King@cline-allen.com,King_4ae33407fa4590f6cdea06b402d2a673b92d5d6163a1905fd5d9863f27536efd
Samantha,Rasmussen,19940621,27,26634223,Samantha_Rasmussen@stokes-leon.com,Rasmussen_0fcc4abebddcf5d5ee17f674fd395721e849fd75d403410b02942a4953b0f2ca
Richard,Carroll,19610526,60,61422551,Richard_Carroll@massey-gardner.com,Carroll_7839128ab7a75bfe8ce4303c093c2de9e3768a0504af430bd89c9165e0ba12e2
Heather,Herman,19710606,50,97877423,Heather_Herman@williams-lindsey.com,Herman_0ab62bbe025151a2a19d79e58b993fd8aaa0ef2b3241c9c987dfbcf679d9cda7
Natasha,Martinez,19680418,53,55194439,Natasha_Martinez@west.com,Martinez_fa7cbb9de42afd9b82351ef67d2bb9a2611538320549b50fd6faaf4278b4ec28
Lisa,Holloway,19720201,49,73751431,Lisa_Holloway@brown.com,Holloway_4ada48e3a49922fbdc98b4e5d56ad357b8efb0c502cb175c6ef36a425b085d5e
Roy,Park,19551029,66,69451423,Roy_Park@rodriguez-west.com,Park_a639e6c8d74a108bfbb6a2d550ba93ef3cee0eb6e3fe94cc40a137e615226e9d
Spencer,Ware,19801009,41,74599951,Spencer_Ware@montgomery-lane.com,Ware_0b5e6e65e71b9d214cc757b3c3d4eaa411cae39494d61401fb4c719ffa897ee7
Tracy,Charles,19931108,28,62200511,Tracy_Charles@rowe.com,Charles_02485819d0da1a1722b16b5cefc50c5ece695743095d31df93d0327378c677f3
Thomas,Ferguson,19591213,62,28787319,Thomas_Ferguson@guzman.com,Ferguson_fb4589b763fd7efb6392db9f8ec59c8bc4c2c2c4983de91d8d5da7d1c71f86ff
Lucas,Brown,19891101,32,34675679,Lucas_Brown@miller.com,Brown_1ebf8379b88b88f3fa0f6b1ae923a622152a08d9f3fd75f4918c07e48cdc6334
Kimberly,Thompson,20001112,21,88531623,Kimberly_Thompson@brewer-walters.net,Thompson_5e06b85c4e40cd7ff8e1cf0bdbcba834ad1ab71cd601b2386df3fdf9ef349917
Rachel,Garcia,19961021,25,87786127,Rachel_Garcia@neal.com,Garcia_d383b3acd27ba34ad3127724e77651efded5ff9673cd6011faeaaf7e24140152
Steve,Mitchell,19751027,46,98789479,Steve_Mitchell@adkins-russell.com,Mitchell_1bdd4e2e315e31bd93aee388d3dc07ed3a72cc22058c0318515fe281e1244445
Joseph,Perry,19510616,70,16254071,Joseph_Perry@tucker.com,Perry_b530f3163d607304822e23d5374e29ee37bdc417d7860118f1fcf4dfe49af472
Katherine,Hill,19830918,38,37709951,Katherine_Hill@tran.com,Hill_e971ed45bdbdf2be621a8d378015f33df63edff20884d8823781bd89ba5c6114
Holly,James,19641104,57,62732175,Holly_James@macdonald.com,James_e7a3a72d2995afbd091eaf40a18c9244374b5248c7dce8d8b7b43a855b9747d2
Jerry,Shannon,19510505,70,86239787,Jerry_Shannon@sweeney-gibbs.com,Shannon_6484db47b081b65d86dddc45be21558451dbb0b5831f8a74f03fd9abbbcdebdb
Gabriella,Anthony,19970106,25,89108943,Gabriella_Anthony@castro.com,Anthony_ebd30f194ca62d9d43d47a60198c4360562cd1f730c3d7e699ad9b33060c58d6
Alexander,Richardson,19581025,63,34675335,Alexander_Richardson@perez.com,Richardson_e102e7014e78a31448bb200e74bd55796ecb41005b3283576a70d218fe8365a7
Marissa,Matthews,19720221,49,20636447,Marissa_Matthews@graves.com,Matthews_2a414f34e54327e8bb1dcc29c5d73e58045f95075da8145a5a555ba81d7e1382
Allen,Williams,19971109,24,77991519,Allen_Williams@sanchez.net,Williams_3e72607bc03353dfa099cc34905b1acccac730a162cdfd4875579d53631da89a
Faith,Edwards,19770726,44,44653063,Faith_Edwards@price.net,Edwards_96edd8d74c4d72f28cd00b869410a66f459c867cafb7ec074493d9aca3e3cd74
Sarah,Coleman,19500119,72,37411775,Sarah_Coleman@novak.com,Coleman_db2598e831057415e646234f3d9a4b55c385ff3d792a6ccf5a11cb1a19f13975
Cathy,Carney,19970522,24,31104151,Cathy_Carney@williams.net,Carney_0d73a5dce4e668e586b9268225755b5667bc018000c7a8af658171f1c131c1d9
Kevin,Peters,19670206,54,28855487,Kevin_Peters@edwards.com,Peters_c9aea09de6805f6a25ee8e3f532f48000b731c8f0a63983130715218d0385047
Jordan,Erickson,19750802,46,64756655,Jordan_Erickson@martinez.com,Erickson_6b9844d377536e1e569007cf69fe8fa5118c08189d731f6c8a761ae836a2e0ee
Pamela,Hughes,19570116,65,32117783,Pamela_Hughes@rivas-garza.com,Hughes_bf91b364b494eaf405553a81968aa1384800362b4ec80172b2eccdd48422f26c
Kristin,Higgins,19981219,23,58071267,Kristin_Higgins@leonard.com,Higgins_bc84fdce7f9e38b3aaf89075849a3434ea90d8c70ef99d8ba0965420613380d7
Adam,Jones,19570107,65,83246639,Adam_Jones@kline-reeves.com,Jones_2b07e341d58ae2621dc92a02a7fa9ad2106d214afabdb8bb4dc216d2bea19469
Robert,Rivera,19500722,71,35020847,Robert_Rivera@gibson.com,Rivera_6a7ce717965b61b8438934fcfc0315bf871a41a310ef76c757961694f4c5a779
Sarah,Ramsey,19640622,57,63376279,Sarah_Ramsey@hayes.com,Ramsey_4c3e8c482da60a4c175db9394041571712dc19bdb2b90538f36b3415c781f5db
Latoya,Little,19780807,43,43404335,Latoya_Little@martinez.com,Little_c16bd4b10707bd0dd86b6073f5b5d496ca8b430bdffa5c56106d47e90063acd6
Robert,Martin,19500718,71,78547615,Robert_Martin@crawford.com,Martin_6f48d87dc581265b91c78db1ac95ac599a580fec98d1eadb634bfce392476a98
Kara,Pittman,19680525,53,80502567,Kara_Pittman@gomez-vaughn.com,Pittman_44c4deb3f931c4d9e72edc061a5f3d62ac9bc5874416e02190afd0c7faafee45
Emma,Berry,19940107,28,34612959,Emma_Berry@charles.com,Berry_c02ad7735cc4e1199451bb5eeff0f287a07a5f2914b77001dfdfed2efcfd0856
James,Sosa,19571108,64,47053447,James_Sosa@robles-hawkins.com,Sosa_8de3e4aae480281718ba1c7b05d86b01f7016e9b2d3c692f7ca66b7048d7bc1b
Blake,Brown,19570615,64,34835327,Blake_Brown@george-kelly.net,Brown_7557204bb52f4538998f2aeaf48173738ffaf3ffa25bcbb8140a51aacf5ae8df
Susan,Williams,19760512,45,95688383,Susan_Williams@rowland.com,Williams_446e094a580a1e758a7d038cbea3f78189d8ecb6f8380a9d879023dd2940bf50
Christina,Miller,19530425,68,92153503,Christina_Miller@marshall-lucas.com,Miller_84bb3bf7e79672fcc57d947b0402c7b70deef6dd2debe8c9582effb4207abef9
Timothy,Martin,20030105,19,92008191,Timothy_Martin@camacho-sparks.net,Martin_0575ddf074b9682bc03a88c4e3503c24f04fbb711fe68a0e07b723542f2bafeb
Matthew,Turner,19940707,27,73291455,Matthew_Turner@martinez.com,Turner_0303a5c0b79ea2d880c05b654a82cbd6894340fc20e0579a65ff8f259edd0553
Mary,Odom,19630813,58,98738367,Mary_Odom@morgan-reynolds.com,Odom_e87963bda04922762a28e9d85b88772d45b6de499db6eebad445a1b0c3b0c745
Kathryn,Cardenas,19830508,38,81016239,Kathryn_Cardenas@skinner.com,Cardenas_35ae46475984378bd6d7170b3bdf9edf003607a3799a807a85cf00f689dce229
Lauren,Hahn,19720620,49,15132727,Lauren_Hahn@simmons.com,Hahn_38908ab7507987ace1c90b58f837f9d82cd2f6e746b6ad21194ad9673dcc071f
Eugene,Mason,19781213,43,47810855,Eugene_Mason@gardner.com,Mason_6bc9ba98d4c62ac8000f6c0e4d83ec8fd5a71fb1d1f2c5a220014d3a0e49b487
James,Miller,19710831,50,64917031,James_Miller@nguyen.com,Miller_d11a8a4db26b81be596623b39f4c24e2bc9351da2dbf15a8f3264edaa643dbf9
Rebecca,Anderson,19730827,48,27023231,Rebecca_Anderson@carter-ramirez.com,Anderson_48071490d368e88642b211188b97d825d011ce181d55bf8418b86753aceed0af
Jeffrey,Poole,19570204,64,82077439,Jeffrey_Poole@cross.com,Poole_23f2810d18d4183ab683089a4370a6a4838571f644b23d7b59dee59130d20966
Kelly,Guerrero,19970203,24,53052583,Kelly_Guerrero@riggs.com,Guerrero_d55cbfb3bedf70aee8ee8a8bbe73903e7340b3baa0680233b69531c48061efff
Christina,Murray,19791217,42,35027583,Christina_Murray@collins-day.com,Murray_a46c72cb7bd229f714dba658fc95340be71a5b6e6be1b1ceefdb22d8240765d0
Cindy,Blackburn,20001008,21,86098071,Cindy_Blackburn@bolton.net,Blackburn_0c5fb57aac7bdcefc605b2ea831845b53e09846a935aa31cce3d70e05ecc5f97
William,Armstrong,19641118,57,25119611,William_Armstrong@richards.net,Armstrong_e8b45f4c5ee87c203cf630891c8312d52d12f25dfdede942bed408ba91444527
Brenda,Jones,19550804,66,62608823,Brenda_Jones@lang.com,Jones_e27fe879c2d3843e29a3382f48d44b41742fa439d79c37f973f2db8e5845c412
Zachary,Lee,19870704,34,36447751,Zachary_Lee@smith.com,Lee_76ccecae1227de66c6326df89136fba85f7bcb514abbbf75c89714c667657c6e
Craig,Bailey,19970713,24,33032303,Craig_Bailey@hancock-brown.com,Bailey_fac5da09c75822cfcb39d1187afff50e2aea14948655848c54eedbe1589b2ba3
Amy,Wilson,19741204,47,64392323,Amy_Wilson@cortez.net,Wilson_cd05f1d8a2337cff2f2ecdb7b75c5a6a25cf4af4b5a67ef6937db1cf914cc0c2
Jerry,Clark,19950928,26,46859655,Jerry_Clark@perez.com,Clark_850e22f8040715966254fa47cba45a0c13a9dfcacee84f5b4f5bfbeb9dc7836e
Bryan,Gutierrez,19881118,33,84795039,Bryan_Gutierrez@short-huerta.net,Gutierrez_c61e82142239ccbd6ba7ca718e3d629fd67441c6c65c737171cbf360613d60ae
Nicole,Mcgee,19590303,62,34539135,Nicole_Mcgee@reyes.com,Mcgee_840079c39ce986758f7518b7d466380926b440d255e89f61ab3feca382ff20d3
Kenneth,Walton,19950903,26,93358011,Kenneth_Walton@anderson.com,Walton_832a9af673afb061593900bb695078cc94687490b325bcb63fd756767cbd8bed
Christopher,Stark,19710703,50,94716219,Christopher_Stark@blackwell.com,Stark_fc7cb41eeaf4dd3ba098e8e5565e77bf6c8c2134c2432e4d0a4440bd4fc62322
Karen,Smith,19630505,58,91036383,Karen_Smith@washington.com,Smith_473c49caaf57e7c013689bd028f224e680647e5e1e7bb95a5291a833ea7b4dc2
Brad,Huff,19611227,60,28207575,Brad_Huff@moore.com,Huff_88806d3292d79306e60438cc05f8bd2d7532c18df50c53356d5a8f1595901231
Kevin,Haynes,19690624,52,75433787,Kevin_Haynes@jones.com,Haynes_d74e4f0ccafbe4900d925bb53313267d16ef0cf9111d02e5b2046a9013889a6f
Sophia,Randolph,19500807,71,94510479,Sophia_Randolph@leonard-ramirez.com,Randolph_76c7ab03ae4bedc6cfcaff16264a50f54add9ba757da009d0343d15b33554146
Jon,Butler,19870318,34,78121695,Jon_Butler@blackwell.com,Butler_a60e8a73530fb24b521042332304ee306d225d41775e43b1d3a368f9cf198964
Linda,Woods,19611127,60,81195711,Linda_Woods@diaz.com,Woods_5e5f205f4b7466091b89c5086009f08f75d3fd7de76cd78e8409c2c0f8457684
Anne,Richards,19690906,52,84963423,Anne_Richards@mccarthy.com,Richards_9e514e551dab729a00fc23f15cb8b06b2857191fb2437d81e6fd4411f364ff70
Michael,Bowers,20020309,19,70074031,Michael_Bowers@klein-barry.com,Bowers_7f40eed80abd6dd3c96ecb79b12fb5ab2d842e9fdad66b897a8c8be6392cdd64
Nancy,Aguilar,19951108,26,97516423,Nancy_Aguilar@lane.com,Aguilar_5ea68b8ab5efbec7acf6fc54717086828f7d84bba6890081d45ae03ef8e3d929
Lauren,Jones,19870724,34,96512831,Lauren_Jones@castaneda.com,Jones_3cea31733c30b6682ed084a387b8f703e0212a93653547aaa27817ccdfed6415
Christopher,Gross,20031114,18,49217831,Christopher_Gross@grimes.net,Gross_2742d73d95d58a0167713e241ec683f57e5d44b10150c465805b1f6e8581fbab
Christina,Price,19860508,35,65381695,Christina_Price@kennedy-tran.com,Price_fb35bae8cb3cbc79a3514563e65362623a31d7f35d041b117644ad80a5f75622
Eileen,Davis,19520404,69,19544735,Eileen_Davis@knox.com,Davis_3a81fe8f52430becd0404acbd373d6f5c3ed409dea59b00a16bc8efbaeeaf0ac
Bianca,Martin,19780205,43,86924127,Bianca_Martin@mitchell.com,Martin_7bf56603585227820109755ec02b8b165ac192effe38b1cebc5de8307ebfc661
Randy,Carlson,19550530,66,51211679,Randy_Carlson@rivera.com,Carlson_d8db2068562978d7b5e0ff3cd8c53d1515e5b91a450a24847803e1ac2c4a66c9
Patrick,Smith,19720129,49,76398335,Patrick_Smith@molina.net,Smith_5b12ee12a76e5ee447585d7a725880b41ff97849e4e23d24cc5573f73789af01
Patricia,Gray,19660319,55,18281751,Patricia_Gray@dawson.com,Gray_00c0a79874db909b3b83c023415d2dee6b546963c812f90179446d1f02059820
Scott,Lawrence,19760104,46,59217375,Scott_Lawrence@aguilar.com,Lawrence_fbccd6cebcc57bb2b746ea735749b18307832784fa678688ae7966d5bb114254
Anne,Howard,19691006,52,35198251,Anne_Howard@rowe.com,Howard_20c7c0d886c4a5150b7ae1737ba8c0cd534b8c435c5807cba8bd9029cfc9f152
Jason,Hawkins,19541001,67,31750255,Jason_Hawkins@adams-hunter.com,Hawkins_8aa4f20b714df6c21c87b98ca1aa1086b5baccc9ed3df4c0a938aa6155c49504
Kristin,Wilkins,20020511,19,84393855,Kristin_Wilkins@harvey.com,Wilkins_48a0ad920ecda68e05eb4aa0cebe9ad9e8fc542f28a53f731a12b146fac5aaeb
Toni,Dunn,19800831,41,89674459,Toni_Dunn@chapman.com,Dunn_8edbebaf8892b9c3c35f168cbaf0e2782e7749b04617a8611f156be91420dd9d
Christopher,Miller,19850131,36,16222031,Christopher_Miller@kelly.com,Miller_5a80bf241f6f1b32115a47d72e29c2aee043165aa1cbd96b3766ac4ae502de65
Amber,Randall,19520910,69,60506343,Amber_Randall@boyd-freeman.net,Randall_fe7f8d477c7dca38b1b5fb596c6ab5cbbdccf8ff7c1aa61bcb4e293a4f9f98fa
Andrew,Mclaughlin,19730514,48,66417719,Andrew_Mclaughlin@fitzpatrick-lucas.com,Mclaughlin_b2423ff6b4501e167696fa9a83d11285ded3862e88603c0d7f5c6bc97881703e
Lauren,Romero,20020425,19,50100783,Lauren_Romero@davis.com,Romero_e575013e0eef70e1b50a139a457cc9c6f8c5ee8d38b793c1ce5209fbd879de57
Sarah,Smith,19680804,53,22702359,Sarah_Smith@kirk.com,Smith_313dd8efe4da6a94eb5a2ef7782feca985a4414ade08a46d0428fe2af68a1ef7
Thomas,Sanchez,19570914,64,23994083,Thomas_Sanchez@cunningham-reid.net,Sanchez_a153607768c737c8553cd3992dcaba912e1f8889f4fbf2aed418b793d3f4ed93
David,Nichols,19620819,59,62269575,David_Nichols@rocha.com,Nichols_9226a5c50bf154ed8adc1c95482b86c7640bc5118e0e5b3bcc0f0b6386e8d5a8
Nancy,Lucas,19830706,38,91477863,Nancy_Lucas@aguilar.com,Lucas_946535263107cf1967782ccec61346839c0ccc6bd164861ccec231496f603100
Shelly,Mcdaniel,19951028,26,86599403,Shelly_Mcdaniel@little.com,Mcdaniel_ab5b4e446e990126bd09f5317ead6b0867d1c4109bb363ae8fe7aee18adb26fc
April,Garcia,19871231,34,24650447,April_Garcia@hall.com,Garcia_26b55971dd66e58aa08104d1f2e996817530aeeb27f9c814eaa5aece871f6076
Sarah,Harvey,19600331,61,58520471,Sarah_Harvey@martin-smith.com,Harvey_119d2d98453cb9db7e58c9d9273d95cca04723f4fef54da60b2aaa0f73dd7d27
Matthew,Murphy,19600216,61,18189831,Matthew_Murphy@graham.com,Murphy_5dc4eea273013a7d791881a3d78c1d13d7d5941916066c6dce8a26370cd5045e
Shelby,Price,19860807,35,74350543,Shelby_Price@fuller.net,Price_e8f9613d2fbecfe6348ef66bd2ca65f6f651104ebe0de5087afb03213885aec3
Alex,Rhodes,19780913,43,75808519,Alex_Rhodes@russell.net,Rhodes_a5121a01f42541ae5dec3238a10697f4588c4f16514a4c443a23d1085442059f
Samantha,Gonzalez,19980829,23,40456647,Samantha_Gonzalez@rios-fletcher.com,Gonzalez_31e9acf4574c6a34778afdb0d7c41f07d12e5bbcc4606ee260d560281867ecbf
Melanie,Wiggins,20000214,21,91699615,Melanie_Wiggins@mcdonald-rice.com,Wiggins_c46e0186082d42f2b0e78a5dbeda90a8a87d93f65fe742417244142309fe2c95
Barbara,Krueger,19520322,69,30905343,Barbara_Krueger@strong.com,Krueger_f41b090aed0a0f609d7b0dc4c73a2cf11e76bec8dd6fd4ccab3f3692c1268027
Aaron,Hansen,19980128,23,51639887,Aaron_Hansen@mckinney.com,Hansen_df29c3843903799a8245e334f85e89df014527ecdd8396fec746d77c2dfb1e40
Jacob,Spencer,19620226,59,41992359,Jacob_Spencer@jefferson.net,Spencer_d5b01e1f0d5d2740c8f2d9b145a190b0852bf07ceb6c3369dde9ce8189ef9318
Benjamin,Smith,19871223,34,95835639,Benjamin_Smith@christian-contreras.com,Smith_9625b76444a169da96791d3592a7c551a0b4bf3bfa09ce0830f2c1bea52d37dd
Christopher,Bautista,19941202,27,48834663,Christopher_Bautista@rodgers.com,Bautista_f2b74b167487fe9d166c80a3b474f6311d9658d23d38bd2c21ea048f9cd40fbf
Riley,Gomez,19810211,40,20838807,Riley_Gomez@hoffman.com,Gomez_010a6ada343f04c0c2b34c9ad40040fed4fe707b38caa8bfc1dbe99b5b6f136f
Daniel,Bennett,19730228,48,20776023,Daniel_Bennett@stephens-oneill.com,Bennett_1ed65f432275c28ad9b491bce46cf91d5627b7dd7958e1f729f708ab72905396
Miss,Katherine,19771113,44,37918255,Katherine_Brennan@garcia.net,Katherine_fbe2943b6c9668c96b81ec67956d7305972d2178c161018f796879acf602c2b6
Susan,Herrera,19550826,66,24027735,Susan_Herrera@gomez.com,Herrera_2275e5b3f65da629861f2ed69673f9b2b628be6ac0d064e9adb25aa8c6fb4795
Jack,Jensen,19601229,61,93571087,Jack_Jensen@kent-williamson.net,Jensen_676e2408345b3b1014f82a8924327935f30cf721ba64c4d4f595f4dd78ac8288
Andrew,Stewart,19510212,70,19799879,Andrew_Stewart@wong.com,Stewart_5a9fef566d7d33fdd40208ecd61cde6c8ae29de5125a8f70bb145a707a91bc35
Phillip,Meyers,19601022,61,95409119,Phillip_Meyers@mcneil-williams.com,Meyers_2871d7b989be1e5d89a563e9c1ca75fe8665b17612dbef3c9ba459b0040beef4
Jacqueline,Phillips,19880118,33,55793915,Jacqueline_Phillips@larson.com,Phillips_3268facd02814a1eaeaf6d683a0239fa7aa9e0e5d892966685c9e0da0053d3e6
Sherry,Meza,19970904,24,33491119,Sherry_Meza@west.com,Meza_af7bed279c9b0d89e66db51fc96b659409baf2e66361ecb41b667a438ef876b5
Susan,Ali,19990105,23,74229143,Susan_Ali@leach.com,Ali_f361fbb14830d5d3c0269a52a7952222f33e0d5a752ff145a666b51a1b99017e
