Michelle,Fletcher,19831024,38,15665159,Michelle_Fletcher@anderson.com,Fletcher_e6fffcd1f3624445d5bd07e37a69c5787b77774d15a4d2e0f99dbfe112ad1006
Martin,Morris,19931008,28,47193651,Martin_Morris@garcia.com,Morris_156a6a1758e24fe9d091ce290d358ae306b74b196b2c8e6e369e4d643ae7d0c8
Martin,Allen,20020924,19,99969439,Martin_Allen@steele.com,Allen_7a4f23a128212dfb7b973d8aeb55c60e19fa9f9b1bea312574c314ba9d14f748
Joshua,Rodriguez,19530317,68,27953967,Joshua_Rodriguez@thornton-benitez.com,Rodriguez_1eec66b0f050b0f3c92906d49aa801f1a717f454b711f43e626fedbf6fb45408
Leslie,Diaz,19570430,64,57506727,Leslie_Diaz@thomas-shelton.com,Diaz_0bd1dc386f7f1fc1b54785a5be002e6d1d36a63563739d8d11b602250f1cf0ec
Brian,Allen,19560101,66,93233303,Brian_Allen@conway.com,Allen_013af3d612ecf8d1a8b9aa38bc17902fcc71eacfbc5eec2e06809a68a03a1919
Tiffany,Brown,20030217,18,27755951,Tiffany_Brown@stout-thompson.com,Brown_1d91b6ebacc90825f71e8bfa684f1ffff58fd808b5eccacb67c45b4350c055ea
Emily,Case,19850508,36,90216215,Emily_Case@lewis.com,Case_1fe51a77c984e7e7e3de3bbe392ec292ab332e7e1ffb02a1ecc9e4f73be5964f
Nathan,Flores,19790904,42,86883135,Nathan_Flores@gibbs.net,Flores_b1169c881e5c028694eff368ebdde188c28c14fbe004c8e23fa42b613492547a
Brianna,Schaefer,19760312,45,34700887,Brianna_Schaefer@nelson-mcmahon.com,Schaefer_ff1200da22b44a031ed3ef02cbe80a233dce3ad451f369453648343838c38de8
Terry,Moore,19870615,34,19828167,Terry_Moore@barker-ayers.com,Moore_c62aad56ad16c32ea6818d08ad5e7298bfd8c4dc63e634e2806bf36d97b493d3
Rickey,Hill,19640430,57,56465207,Rickey_Hill@parker-cohen.com,Hill_bd6ccbf04639df7962eb505a208f2b64e239583446783761a7d00a559f0fa7c9
Brandon,Powell,19760606,45,43375815,Brandon_Powell@craig-gonzales.net,Powell_fe4b6509768c9a34aaea5f4e02315968ee191cec44c5d76a43d1cb304cbfe0ee
Teresa,Ruiz,19510904,70,22432447,Teresa_Ruiz@holmes.com,Ruiz_e89dfb7927e16d6c7210cccedc8931aa31db0bc45a7d34a7a6052ecf3c1f1f05
Michael,Harrison,19510819,70,29087871,Michael_Harrison@franklin.com,Harrison_087c81699933ea3a7f0a5995c3872b50a3c7d6c33fb33a0e1f7270fe8caac2ee
Alyssa,Salinas,19981007,23,41363847,Alyssa_Salinas@robbins.com,Salinas_4cb46341f7bd7a1f156881e1215416fb45615de2da934936e46cebd6a7200bd0
Debbie,Burns,19830806,38,95570935,Debbie_Burns@salinas.com,Burns_f2b3afcc43a628825261a717975e43c158beea4bf3af40ce58670ba44712ce82
Timothy,Ortega,19980401,23,59312963,Timothy_Ortega@ramos.com,Ortega_dd4dab56dec3183f809d388d99e2f7c4b66984274581bbd7930707ce33beda6c
George,Williams,19810319,40,69991287,George_Williams@patton.com,Williams_c20d328700a30e4c17162d02575d92a758c17f0bc4257f03d6a3899881726da4
Reginald,Barnes,19730214,48,19884399,Reginald_Barnes@walker-robinson.com,Barnes_f462cfade493846e8652d7b770fb2fbd4a97841be1c5afad0ae2f2ad2951ddaf
Joseph,Buck,19520311,69,34270063,Joseph_Buck@jacobs.com,Buck_542b9193499955eca94367d0762a85298524a4a0edaa65e3d347e070c17b5b1e
Kimberly,Stone,19940512,27,25323999,Kimberly_Stone@murphy-bryant.com,Stone_1d9aa4e0b563c8f5445bee6099fabcc931e9a7242de3a9d0e3f5e4a50a374828
Martin,Compton,19840602,37,42037887,Martin_Compton@morgan.com,Compton_395a9ef9c8f29de23a3ee428cb5b722cee56916ddb23bb1553d6588e9fb57418
April,Carpenter,19710929,50,97274415,April_Carpenter@page.com,Carpenter_4acee91f73b622647e5e2e983106daea20e0df9368b958bf31d6483f56659716
Danielle,Tran,19880826,33,85246679,Danielle_Tran@mann.com,Tran_40aaafd4698482b5fb1924cc7fb97de9c70e807261a2f9c7eda6f981af7e87ef
Daniel,Chen,19520716,69,46750383,Daniel_Chen@little.com,Chen_7d3b15c2bf33edfa28d139ff8ec4d63eccd7f4cc2bb52837ade6e344d5419c9d
Destiny,Rojas,19860121,35,27351983,Destiny_Rojas@stanton.com,Rojas_1f285ccacf93e3ca59fedc61b79fbeae9e583294469c7db84e2f483c3ff14549
Dan,Sanders,19500813,71,30043759,Dan_Sanders@klein-hernandez.com,Sanders_65a5dccad3b4810204ac5305110a874e625c7053dd7fb1d4f357eac5bd05b3c8
Joel,Webb,19890910,32,37839071,Joel_Webb@solis-swanson.com,Webb_ab88189925d7bf7e961dbbc8a35ecb09b27d0843fb20c455abb4bb3f66f248e4
William,Garcia,19850912,36,25729991,William_Garcia@powell.com,Garcia_72e9b24a7244f620a00e37ae80109aa4cc7b7be0ccd71a354eedf58e5d66f45b
Kari,Nguyen,19991119,22,47980591,Kari_Nguyen@farley.com,Nguyen_6f546175562c36b23bc7c6302315c580d7c6534ee8ad2470a4b947f0ebdae050
Ricky,Kerr,19510625,70,43238807,Ricky_Kerr@gonzalez-martinez.com,Kerr_a02d828a0b2fd82f783c57bdaa118c283e3b65d5b79d1799af3dda746140c1d2
Timothy,Boyle,19840806,37,49033195,Timothy_Boyle@roach.net,Boyle_d5ed2118108f2c50e1863cda393e334c347c4b850d3fddd85cf5c2eb7b5a6423
Gerald,Hall,19710710,50,53954823,Gerald_Hall@kim-chapman.com,Hall_f294762e23e341da3a5ee47603c2294c71ade343be24de194699a04fab484fcf
Ryan,Garcia,19930815,28,26856535,Ryan_Garcia@vazquez-wells.com,Garcia_a540e6c31ed774bfae35fa751651626008ac3e9af115c93f285f5c790ab3b30a
Carla,Jackson,19940715,27,44275151,Carla_Jackson@morris.com,Jackson_5ae26df5616f1599232fdc12084c2be9d1bdedb6ac396ec132a1099ffe81e6e2
Denise,Dominguez,19660628,55,28235547,Denise_Dominguez@long.com,Dominguez_db12a604e48211188d8cb1b2630053b1a3671fc866df55550713679940b64576
Danny,Lewis,19521225,69,41036747,Danny_Lewis@turner.com,Lewis_07faff50a60a92169072b80563752c01c0e59ccf1ff6ffb163a73cda866b8687
Christina,Johnson,20010622,20,30262983,Christina_Johnson@clark.com,Johnson_5dcd5e3e3cd2d513d2fbb6b328c48d876b75954a708ef685a4e95e024fda24fa
Jesse,Perry,19691013,52,45471479,Jesse_Perry@marsh.net,Perry_1c3c64db32c7f0a0ee560e767d680868a9fa646f403fe45be495dbba9f5c0d71
Zachary,Le,19851028,36,56441999,Zachary_Le@whitaker.com,Le_44e841e8473807aaaf4ca1e7f21a102682893f300d01980ce25caffd6dc8afdb
Michelle,Garcia,19801017,41,52895823,Michelle_Garcia@lynch.com,Garcia_6967c83763721f9c0d2cc31e666df83b855d994da2746ec20acd83ac995795cf
Chad,Clark,19610919,60,54277383,Chad_Clark@hodges.com,Clark_350612bea089770769a9cc6e6e40c97ce9421e4bbde4c3f659e32b79b61274ec
Robert,Ortiz,19761108,45,80296223,Robert_Ortiz@saunders-hunter.com,Ortiz_66abd6d49f646638ebc477769875d09f74e39d910340d4220d12e18162736fab
Nicholas,Watson,19620403,59,72181751,Nicholas_Watson@williams.com,Watson_61db68a778196411b7afaa8809de3a5a813aa55bde481e54aaba3202cf137be7
Samantha,Miller,19650406,56,41451647,Samantha_Miller@mcmahon.com,Miller_b1a7bc29d272d32c32dc05fadcf7a3ace486a3638a51399d459c05a6fc6ebaed
Gregory,Allen,19780122,43,48871907,Gregory_Allen@stanley.net,Allen_c7f068d19a81be7e7ed992011948e5b63e4f5e880bf4145298e3f2c7f3a8044f
Jeffrey,Turner,19841201,37,30152387,Jeffrey_Turner@robinson.com,Turner_269efcf671e2308bd7b016b5cfb0bfd8f51af18ad3c98ed9bd5fcc215ed5b13a
Elizabeth,Andersen,19740123,47,69096535,Elizabeth_Andersen@baker.com,Andersen_61066687fe7ebdec050200d860bce962bf219abb39f6143453979d274e6ac444
Kenneth,Kim,19990505,22,37818767,Kenneth_Kim@duran.com,Kim_c0e4a85788ae7cb168485bda4964b4bd101c4b64d6a7a67e5d36fd8641e05710
Larry,Wilson,19670221,54,56158527,Larry_Wilson@perry.com,Wilson_0ce7d7b7cab824ee1e50e759e9cbf216ad4e77187d79e4ad4a926ebf5c7e89ba
Jenny,Lewis,19970607,24,62475987,Jenny_Lewis@flores.com,Lewis_c3fb862ca818ab0bcf2da472ada8a344fce290178d5011e901736f3e7cd5d338
Heidi,Bolton,19560616,65,58079023,Heidi_Bolton@spencer.com,Bolton_06e0a4fc1d4bde7b7e2bb7d988a89fac19ec196eaf5b68fc7601b8c1d9156c42
Kristin,Edwards,19820306,39,22435107,Kristin_Edwards@short.com,Edwards_092fdfcd2c739ca72622488cafadf49dbcdfe6156d72c188fcd9a35bda243798
Michael,Middleton,19810408,40,85114431,Michael_Middleton@williams-zamora.com,Middleton_48fdcaa51c10feb15b4471807fbf13fed7e906ccda0d0ce1c3642b5259291d9d
Tanya,Barajas,19740430,47,92793871,Tanya_Barajas@davis.com,Barajas_c09f89359d5e47d03ad8b4ffe418fb48a4703247278b5553b391c48dc22ba397
Jacqueline,Peck,19591002,62,60512219,Jacqueline_Peck@smith-miller.com,Peck_20e4dfb1ae78e501aff029b9d60633eee41056b3c300f9e8a9fd0ff2fda95be3
Heather,Miller,19530128,68,37035727,Heather_Miller@taylor.net,Miller_28ba0a9d12216ecaf7be5cf8c2e259355f380a2560eccaae978e08ffdc36e9b7
Annette,Watson,19580423,63,67851175,Annette_Watson@brown-brennan.com,Watson_6dc0c1945ecf375c83b77824d279a7d2497ee4b52bedf7d0d18886929492f38d
Scott,Williams,19800803,41,85799255,Scott_Williams@keller-wong.com,Williams_09febbf176237c79ce081717035fbe93fd6e1d1dff11ea0645c9e8a913516407
Sue,Lee,19860829,35,97367575,Sue_Lee@rojas.com,Lee_f9df7bdfa2dbd7e299f3da5566c32cc70838515cfd9212f785007fba309d4f54
Jeff,Freeman,20030520,18,13590655,Jeff_Freeman@guzman.com,Freeman_35a3d8bfc6098960412d9050166ca61bd6e69be6547b5ecffa0a4ec50ec1ca88
Gloria,Aguilar,19690606,52,69773231,Gloria_Aguilar@dorsey-donaldson.com,Aguilar_d366158e3e52e8a258473eec5fb1747d93f9007d5a1ba7e579432bb0e79189fe
Sarah,Harris,20010530,20,52442775,Sarah_Harris@thomas-sanchez.com,Harris_526cae6ebbbccf39a466331db6a69c051937d08b50ee71c95b022e34c7e40232
Lynn,Anderson,19960113,25,75488911,Lynn_Anderson@williams-carter.com,Anderson_542fb512c5990c3bc437c6d42f5d0d2049d4e82895b487740ec23fcc34b62f4e
Elizabeth,Huffman,19580918,63,15486151,Elizabeth_Huffman@zamora.com,Huffman_fb25a2f3fbb1ad1cb6c3a00007057443f984ff5091bab5fc272ec3984f30348d
Becky,Reid,19751027,46,37025287,Becky_Reid@vargas.net,Reid_1bdd4e2e315e31bd93aee388d3dc07ed3a72cc22058c0318515fe281e1244445
April,Owen,19670923,54,16552967,April_Owen@sanchez.com,Owen_1c1c8c837a5e844970858600d771243a614b8231c66eec174e5210f095d1d61e
Michael,Mckee,20000917,21,87409327,Michael_Mckee@gordon.com,Mckee_92c0ea05b55f3d0950c236a42a6502d36db9e494fc5be991b85bfb28bf904925
Renee,Hodges,19871228,34,63899519,Renee_Hodges@hamilton.com,Hodges_c32058eefd42edfd555357b4b34455c74158981546ff3d6dd913427aef2c5bda
Randy,Sullivan,19611025,60,15665967,Randy_Sullivan@perez.net,Sullivan_7d828c81af4f5ca7a2d2560a7b34b11421c69598bcbd38445b1ce1977855062a
Haley,Cox,19641001,57,27911351,Haley_Cox@lewis.com,Cox_c2d501b006c638d2dfa772e490557e0fc84d83ae35dbcb54a12db9901fea2cd9
Megan,Anderson,19700729,51,21736903,Megan_Anderson@wilson-murillo.com,Anderson_a86c0e54454be63e1eb3ecfc9cff902fcfeede08e6acad00b969a699d0de9403
Rebecca,Serrano,19650726,56,48396631,Rebecca_Serrano@martin.com,Serrano_c59d5c8d0b1e6ac81eda46f66aed90c354adfb262f946ff56b9fe0369ae1c1f8
Gregory,Yoder,19530620,68,75705319,Gregory_Yoder@robinson-johnson.com,Yoder_701081bf1df37a4242f10d1a35c82c5a8d6fe9bc81289ae02def7b6778c5d8dc
William,Floyd,19720713,49,27758191,William_Floyd@duran.com,Floyd_ee7c05bd8e6810b788855f5561627eb6491ddffb345df7556a0e10820d35e503
James,Thomas,19520509,69,58718239,James_Thomas@torres.net,Thomas_6cc50d34a04ac284979d574e816e6da3300a2ad2a8005bfa84fc145f0c5468f2
Crystal,Valdez,20030208,18,65598575,Crystal_Valdez@stewart-randolph.com,Valdez_21710deda98186137931fdd98745e7064c71c445352871d743768d7b7ddb9c98
Sarah,Davila,19790906,42,46685303,Sarah_Davila@nash.com,Davila_1977b8d6405ddab6e2932f3dd9e7d1f62210a3eba7e0528078c7a0d78f36abfb
Steven,Ortiz,19670506,54,15073183,Steven_Ortiz@hamilton.com,Ortiz_8f14ef9ffc8dfa89aacd42502f810afdab1a96360434da1d07441a533d7fa41b
Jacob,Hood,19560208,65,24204143,Jacob_Hood@evans.com,Hood_bb6b937d8d8cb71e0b5f57a7c5a865853c1727b1f5a69ad608b3118e04b9d52f
Jennifer,Lee,19500401,71,35305031,Jennifer_Lee@guerra-lopez.com,Lee_f2321b3ed4faff67758c243655f0534358414d7534d8de8251e28a1fc5d3c8a8
Lance,Williams,19730807,48,19310567,Lance_Williams@williams.net,Williams_44d674cb9520e03ac2127446a9d3958dbc8f6f12aea0f6d0ca622fc82fe1d416
Janet,Collins,19840721,37,89424095,Janet_Collins@farrell.com,Collins_120bd8b1b398b3d29d4ed70e61f05b30fd4862e1e1098913a1a93d5feeddf5d0
Kenneth,Knox,19990626,22,47904991,Kenneth_Knox@zamora.com,Knox_d64ed8545372db6afaec9a1a7174c60bd0a9ed79ace6f64e7237a2d04146fa88
Aaron,Wilson,19870517,34,75053391,Aaron_Wilson@burke-benton.net,Wilson_6845cf9c9b5f4c103949da3172dfd69f4085ce3e66cac17e0e0c34a39a5d1502
Nicole,Shea,19560102,66,28795599,Nicole_Shea@mcclure.com,Shea_abeb33fcffc2e7aeb1e6aaaca160dd6e8648f136a1ae8e0ca1488d1813aecd76
Melissa,Sparks,19930802,28,27530863,Melissa_Sparks@sanchez-stevenson.com,Sparks_a67f319553ce43408c4ce1de7a55b7e87fa6b968046f2a5bae1e8bf22c8912a1
Marcus,Rodriguez,19690511,52,23424599,Marcus_Rodriguez@jones.com,Rodriguez_3a35bcf0a5bce4c8d537062cf3e7970a87cb053b5fda73af460d7a069b79ab61
Willie,Erickson,19910110,30,53673855,Willie_Erickson@bartlett.com,Erickson_3df9d878714251365d0372a9757064b5385ffcdb283cd1faad8997e5f0240177
Lisa,Jackson,19730114,48,82393203,Lisa_Jackson@morton-lowe.com,Jackson_89ce69a66130f1144299f9f6df562c93f7f07fe97d777857278f9ebca731d854
Anna,Long,19740316,47,52566967,Anna_Long@coleman.com,Long_850abdd220da32b2f27a272f1550166f46390a3bfa03450c5232f52aa7ddc651
Julie,Boyd,19690906,52,47949079,Julie_Boyd@white-george.com,Boyd_9e514e551dab729a00fc23f15cb8b06b2857191fb2437d81e6fd4411f364ff70
Jennifer,Vega,19710703,50,66551251,Jennifer_Vega@jenkins.net,Vega_fc7cb41eeaf4dd3ba098e8e5565e77bf6c8c2134c2432e4d0a4440bd4fc62322
Sheri,Johnson,19880422,33,34118127,Sheri_Johnson@lucas.com,Johnson_5c594391d678326cadd0248a49d52d80519fef800e27df26e5f3cfe3a0f34527
Steven,Hodges,19510309,70,65795715,Steven_Hodges@sanchez-phillips.com,Hodges_b121e1780c9165103b6ef1ee1fd586e0c42de977ef270bd66e62ffaab6f99537
Cristian,Kelley,19510801,70,22272647,Cristian_Kelley@taylor-colon.net,Kelley_0ae1d314564d80497f93c8e69a4c17c1c3e8664365cbf4e3f8c0cd126604a8d2
Albert,Jefferson,19841117,37,32919607,Albert_Jefferson@diaz-bailey.com,Jefferson_841277f6e8de0003c710c6bb5e2b8ad093519304726e9c30b99a05b0f645c7f5
Joel,Clark,19581207,63,65159231,Joel_Clark@mcclain.com,Clark_cf505e732a99fe01f4a1fdefd05c3c6990b02aeb8ebb3bdf6660ffaf4f7baef0
Rhonda,Anthony,19740915,47,12850551,Rhonda_Anthony@lawson.com,Anthony_91ec3d10989e5e58fc1970303f8b05fe932187819a63af7a7abe213248ca9d51
Lori,Pacheco,19620630,59,94662495,Lori_Pacheco@ayala.com,Pacheco_7ccf5c37871f0b75fed8b518d9b5092bcd5e153db3961241865ad8b36c3dd6bc
David,Frank,19680928,53,31192639,David_Frank@reyes-thomas.com,Frank_97c9342bfaac465ca5ec16b59d1ceb29892b7f1f05df63b049ec956498d095c8
Cheryl,Crosby,19580930,63,54032091,Cheryl_Crosby@bowman-potter.com,Crosby_9b4b3ce54c10822c176219fd74866c2f5057b7dd9e34de8252235d8256b8da54
Victor,Owens,19960815,25,53064383,Victor_Owens@collins.com,Owens_620f191762bec8373295619a55619d6e9689e5ae1f58a15421777373876ae394
Lori,Allen,20020916,19,28175727,Lori_Allen@valdez-phillips.com,Allen_8c00042f0795db471ed1d8c1ec3bedbeb279895cd55af28c02a2545cdfea8118
Norma,Jenkins,19570323,64,78071863,Norma_Jenkins@larson.com,Jenkins_e553762cea3c22ded6314cc92d54340cc6ceb99d01eb77f52090703ea24d4a37
Ashley,Caldwell,19880903,33,13420663,Ashley_Caldwell@mason-bryant.com,Caldwell_aa013e4735b85a5a94880577ab5157e708ef07633f398dd7e30d020dc0e01d5c
Sergio,Hughes,19810903,40,86954943,Sergio_Hughes@cardenas.com,Hughes_80b46b50121f1823a80f8b4b9a4ff960fc6e8650d339cd48eef94cb77f5c4722
Christine,Ellis,19980617,23,69393823,Christine_Ellis@blackwell.com,Ellis_b9ff03e89d41f228c89660b7bb57017b6fb2a6f5ab38a775676c63805c5de0f1
John,Wright,19831019,38,96650335,John_Wright@harris.com,Wright_fefcf47d4e2ed910bbb399f7a881875417c20b898df5ee9bc77e544f9e9e49b9
Keith,Parker,19640826,57,40120471,Keith_Parker@moore.com,Parker_0793eac79fadcf3ab0e5e9fbb41256187a6b0ed3093a7c21251c269e216a0d9a
Brenda,Dean,19690215,52,55037019,Brenda_Dean@allison-hill.com,Dean_33bccb49aea18fe7660661abe5dfb584165ecd173d71ed1a20fb1b2ecd966916
Lisa,Moore,19941119,27,99493567,Lisa_Moore@ramos.com,Moore_a6529a7e4845b5a0db767672677445792f3c1dd8ad4189ef8a962b80b98bdfca
Corey,Wilson,19531011,68,39467535,Corey_Wilson@hoover-hernandez.com,Wilson_da57e437e7b098c53f379f7e26c281067c20721792dbffa02b2226ab145fe135
Ruth,Carrillo,19790509,42,43751451,Ruth_Carrillo@paul.com,Carrillo_68c3c39665a00f6cbf3d112fbab1acda6abbb215ac15aa21602d0b502c7caccd
Erika,Stewart,19851226,36,83552695,Erika_Stewart@solis.com,Stewart_40f40c8c1298d28a309a9d8d505b7fb30c900a9bf03713641f9aba407f49b778
Amanda,Campbell,19810324,40,21954431,Amanda_Campbell@parker.com,Campbell_fe47b16988736d32aea719cfb35ed2529d437afed9542487a12dee573d4b5686
Charles,Kelly,19690401,52,62777351,Charles_Kelly@dalton.com,Kelly_0c61def564275aab553be3f83a7d6da1e47fd9a39542748ae1b231ba1632bc91
Courtney,Simpson,19731103,48,77314887,Courtney_Simpson@preston-cantrell.com,Simpson_7383f76c4f89da867b20e370cdbbfa25de5e568a0ece2cdc52727228ba5d6f9c
Laura,Bailey,19701108,51,56551543,Laura_Bailey@snyder.com,Bailey_2efee35990b0bf7e41fdb51d3e7bee18b9dbd6c7b01a127e6d163846c3675678
Kelly,Sanders,19520413,69,29703695,Kelly_Sanders@coleman.com,Sanders_e9c2f82ccd636409feb4f191c5116de8c46868edf2a60c5a681d576bdbc5b5a8
Jennifer,Davis,19931018,28,72513603,Jennifer_Davis@nguyen.com,Davis_d9ba612a5228f3a9f131145949aa3c2a71a471d17a5e7e879029f7e7be443896
Marissa,Jones,19580806,63,32094119,Marissa_Jones@lewis.net,Jones_cdd9ffe6845a249c9936ec8e53dc6d6fad46f1daff0884d9c00ee0979cbd9e4d
Kevin,Cook,19780913,43,71239915,Kevin_Cook@cox-stewart.com,Cook_a5121a01f42541ae5dec3238a10697f4588c4f16514a4c443a23d1085442059f
Anna,Austin,19991122,22,83758091,Anna_Austin@mcguire.com,Austin_69ddb3b1e49cffd79a86704516ec5f7de3beb49eafe9aa3b4a2dedfd03c1ecc6
Robert,Ortega,19600316,61,57040695,Robert_Ortega@perez.com,Ortega_7f6475997ac0d2e2c949ef31d98c15f22c327244ae013d39ca8c1c542c9bef14
Lauren,Harris,19780811,43,42605007,Lauren_Harris@long.com,Harris_e20bdc9f1f190a95e3b442071a382eb79e727dc62e3d8c060e947d7ab832674f
Jason,Mcdaniel,19650304,56,68591887,Jason_Mcdaniel@wood.com,Mcdaniel_a3528f44984b08a2c4ceadcd6469b179bea5b1fe86eeab316a4d3bf2d71fff54
Samuel,Solomon,19871230,34,26166751,Samuel_Solomon@wolf.net,Solomon_23bae2839718250045738b6dc43d659f685cb3cfc0664b6c295467eeb7111830
David,Swanson,20021220,19,16753799,David_Swanson@gregory.com,Swanson_0be9cc5844dd3c90124c54e21dc9c410b5848ced61688bbe7694f59d02b09e2d
Matthew,Jones,20000615,21,98616991,Matthew_Jones@arnold.com,Jones_fae51f218403b7ce7748c00eebe41d8ef93f1ae905c746cb661ca2ffb5d55808
Matthew,Bailey,19870728,34,39436023,Matthew_Bailey@benjamin.com,Bailey_255ab5fa54b5ed57d62adb29857a406e8753db3e946c36a1068f9f44c0d9abf5
Sierra,Mcdaniel,20030713,18,77274903,Sierra_Mcdaniel@mata.com,Mcdaniel_4de3f73bed0427b0bbdea6f11a6fd924b70f6b1e0b80f537f02c9bec919ff2c2
Michael,Russell,19680308,53,24280095,Michael_Russell@orozco.com,Russell_203e499e06becb31e81cb50e4af196d214fcd56b5970f6fd55305e067e041411
Robert,Weaver,19820218,39,39131199,Robert_Weaver@young-leonard.com,Weaver_201e160e13efbc6022ac00aa1572d5d4bc7642791f9edc90f90f43b99d64b833
Victoria,Lawson,19540412,67,24045823,Victoria_Lawson@snyder.com,Lawson_6d37ff5b2bc09b6ef349b119f64da58c54ef46486e39f06392db5d53c4b98b4d
Victoria,Wood,19910622,30,13955959,Victoria_Wood@proctor-baker.com,Wood_67f271b137e6e5700a2a6b6f18d2afc0360cf457a0ebc1051837321e7a4abbe5
Jeffrey,King,19770623,44,68622991,Jeffrey_King@hicks-boyd.com,King_2f8a4ced284ab79141764edb00feceb08b0075c64f7b7fccb60ea93112be0848
William,Taylor,19860131,35,42996791,William_Taylor@warner-morgan.net,Taylor_4fbc55ddc30321884032869906fbcd7a09692e7b815ca1172a8df461f30f5b96
Eric,Kennedy,19990522,22,77994331,Eric_Kennedy@mcdonald.com,Kennedy_b93e8a97aa91686fd61a62fbabee6b756ce781a1e68b28468c42a5cd6be77f21
Richard,Anderson,19700405,51,24730327,Richard_Anderson@peck-franklin.com,Anderson_6c12a8a34d36a9a5bdf10d16d15ce26873891e6d72be972c90e80ccd6b5e6bb6
Peggy,Johnson,19720328,49,34795631,Peggy_Johnson@berg.com,Johnson_317e046adc771723ce2982377e134411772303046e14bd3a4613afb243af34b3
Monica,Oconnor,19800701,41,97887295,Monica_Oconnor@gordon.com,Oconnor_efac7f1ffc082b3f958b271e57a237ccb4310342f5f14d4f8481baf026ac8e1a
Kurt,Butler,19640621,57,43394675,Kurt_Butler@taylor.net,Butler_1982085a17935903a021bd47b53a202b6633555382b47c69f6056fa43dce91d8
Gilbert,Johnson,19850923,36,97191811,Gilbert_Johnson@jones.com,Johnson_e0381c03c5cdec7a2790487d0732ffb8e37e4511b9370d745e9cadf427eb2a8a
Jeffrey,Rodriguez,19690718,52,29947599,Jeffrey_Rodriguez@johnson-white.com,Rodriguez_84bf3125b787285b3f33b1737305a6d1e88f817e49844e34a3a1776384fe3b83
Alejandra,Martinez,19791221,42,87381327,Alejandra_Martinez@jones.com,Martinez_d6f6b237a21fbd293238c87b64f4abc4208cfeca7cc247b40bb2a1a37028ff96
Alexander,Wilson,19881111,33,13893319,Alexander_Wilson@barron-garcia.com,Wilson_51998ed547522ac65ffcdebc65c7c91725cf44bda6ee76ed5e745658f8e65c03
Arthur,Gibson,19610603,60,75411807,Arthur_Gibson@thompson-thompson.com,Gibson_a7c508f0dd43c821ce033d7d1880404f40f589e2b1415583cae11cd9dc9c243d
Paul,Romero,19601007,61,98843943,Paul_Romero@middleton-jones.com,Romero_7ffdeb46356a729179454fdb98943caf7648eff04451cdad6cec6949313f49fe
Bobby,Martin,20000331,21,43871143,Bobby_Martin@jackson.com,Martin_35f44d500262ed38ab0f280703b5838a79262004a9e0bf81cdb23c5588f5d819
Kathleen,Ramirez,19550829,66,40351711,Kathleen_Ramirez@banks-wright.com,Ramirez_04ceb5f4520b29870bdece451aa1401c8af3a6071ff76c52f8e9acbfb4013839
James,Cruz,19500730,71,18758595,James_Cruz@bender-harris.com,Cruz_a17c6040ab6efbf57fd4fb18e218e60165d8b52e8a30cc43294a20d1d4df7ab4
Alan,Peterson,19760129,45,88993663,Alan_Peterson@burch.com,Peterson_9e70924c41eedd15ece495400454a08e0368d3144bfc9fbe8882f8bc5e1bff5c
Lisa,Livingston,19500423,71,20519415,Lisa_Livingston@glover.com,Livingston_192958c132e8eaec6eb35e3e371bce5ac80c3c26759aac824d883abe9776862a
Tony,Morris,19700805,51,33280551,Tony_Morris@davis.com,Morris_1057d239d1d2bab141cefb58541132ae15fd1b05546638e5a20bd57e507b7c84
John,Kelley,19960928,25,99919107,John_Kelley@george-barker.com,Kelley_336bac6ecdd91d5875917277ee934ed06984985fb536f52f3a097d69dec60330
Justin,Burke,19960212,25,43401655,Justin_Burke@johnson.com,Burke_a32e6586b8530a6801be203956a685261074c7bed9e23d7ebdca375eb76a54d8
Danielle,Hunter,19710811,50,99947039,Danielle_Hunter@ballard.com,Hunter_c76d0627bb9d42b314a7ca7a28f3e4d483a7b341063ff1cbd4aa894ad4cc876b
Lori,Sanchez,19980420,23,76989167,Lori_Sanchez@hardin-warner.net,Sanchez_364a7148d4a664be8ec3842caaad2571bdbbe1fe59e7d50cd1db81d6fe6c83a3
Elizabeth,Bailey,19630101,59,20218071,Elizabeth_Bailey@stephenson-arnold.com,Bailey_5c8a50667a02453009a044d75176077628a04d5eba7f91c66505b29c078c346d
Jessica,Arroyo,20021019,19,24971015,Jessica_Arroyo@flores-evans.com,Arroyo_a6982ec25dd90bde26cd1e6727b190c65a12d31c4f6881c9124535fbf9de34ab
Joseph,Reed,19511220,70,18798163,Joseph_Reed@kelley.com,Reed_3bc3466190995c9344b53e4582bef88fb70f9f5df72c9c32617e8bc47a0c8a44
Courtney,Williams,19990919,22,27598999,Courtney_Williams@garner.com,Williams_225d6e4023454d7dc612cf96fdd7e692d516315fbc559b7c73420076c3357d7b
Jacob,Grant,19911204,30,94196575,Jacob_Grant@cummings.com,Grant_466943063518dba244caebc0ad51108c989314f19bb0a777bc0661ae16982636
Shannon,Gilbert,19920613,29,34472903,Shannon_Gilbert@brown-schaefer.com,Gilbert_cba39808baa834464ca8ce6cdc30f7fc9952bd13e4580afe12364b10cc020807
Erin,Kennedy,19650109,57,35865639,Erin_Kennedy@hendricks-mason.com,Kennedy_e1e07605e33f2fc1e73b64e8c657f99cc56d327cebeedb0e02a1accd8c57321b
Timothy,Sanders,19521003,69,63453583,Timothy_Sanders@harrell.com,Sanders_e813fc810dc6a729002da82b325cbf5c8f6122bdb9d8dcafa9ae62b16e2c4d0c
Mitchell,Pierce,20010824,20,96845551,Mitchell_Pierce@houston-conway.net,Pierce_7e42c1fcea2142f2b41acf5e440d4ae542b25340600e35c1f1872af831d674bf
Nancy,Garcia,19680305,53,62971303,Nancy_Garcia@lewis-hayden.com,Garcia_76b845b68f010e6cb86dcaaab1e9ee4000189ac280518aba41aabfe4eced97f1
Victoria,Strickland,19530730,68,31595971,Victoria_Strickland@mccarthy-stewart.com,Strickland_c68d2c4ec46ac7801052666298f7ef7c31515f1fef0e75ebbf2b99cee6f563e2
Jason,Lopez,19740830,47,11287127,Jason_Lopez@wood-hill.com,Lopez_ad64b2aa983b97c02ffb58ff9e8cfb5cf1b683f5551b05956479894e57e5348f
Joseph,Perez,19740909,47,61876187,Joseph_Perez@ryan.com,Perez_a30c9f9b372ce4cd37cd0585c01892e3a2446d08c87deb5a9dffdbab590b7c07
Ashley,Morris,20021001,19,13085855,Ashley_Morris@marshall.net,Morris_73a97c751d09e0cb2406dcd52721885dc92bdadbffa0a34368bcf614542b2a9a
Todd,Alvarez,19741125,47,42011263,Todd_Alvarez@vaughn.com,Alvarez_7bc5d7468de58f82aa2fad6ac4fa6878ba94cd8260143585533cda0d5c21d822
Peter,Schultz,19570829,64,78301895,Peter_Schultz@shah.com,Schultz_5fff49ed4490d58cee3b8857a14baeaf4d56d8418dcbd71b6ede519d3bfe188c
Daniel,Armstrong,19820714,39,18991247,Daniel_Armstrong@brown.com,Armstrong_f79a4f2b24384410a3c6f423f63a2fe6d001e35226d8bc2012c2f0b97c0bb2d1
Cody,Becker,19601216,61,76003567,Cody_Becker@hansen.com,Becker_dd31770dd249636beb419fffdd7bd922e7a637a8a94c140065eb6462cdc9a463
Joshua,Lynch,19650526,56,71572839,Joshua_Lynch@daniels.com,Lynch_4951597e9bd873ee8de78c91e62b407c350c6be455802bd7789d1bdcbfbf7034
Anna,Richardson,19670223,54,64083047,Anna_Richardson@perry.com,Richardson_ef158ec7b694add68ccf23dcbcd2590f53c36723c41e93807ea9c5630e1b78f4
Richard,Estrada,19921015,29,22821527,Richard_Estrada@malone.com,Estrada_0bf5b6b1c1a174b6b5b3c8800ed1a6d60060d16418f4fe988edcec706d82e000
Alex,Smith,20020503,19,58965703,Alex_Smith@johnson.com,Smith_894dd6131c2e5ee1da51e7a1b06c9320d12899de91e6e4ea945358f984bdc55b
Susan,Donovan,19690130,52,85222335,Susan_Donovan@jordan-anderson.com,Donovan_6c6194c1b941432906f473b3cf450d1477e9b7fb401b9c51dd32f89182041d01
Jackson,Cline,19710121,50,48056519,Jackson_Cline@hudson.net,Cline_825fbfdcf586254e91deed467299f04e0541270741aa9ae1ba4a97dfc6801538
Michael,Powell,19941127,27,63894311,Michael_Powell@mccall.com,Powell_4f74deb7e67490760aa5f045700875a1e57e5534c3cc99e0ed7efffa937fa975
Ellen,Montes,19610714,60,16519759,Ellen_Montes@sellers.com,Montes_29eaae15637ea0fe4ce765aa678bbbd842e136e305beab82228c77d0d56515e5
Arthur,Hall,19941103,27,65493407,Arthur_Hall@gonzalez.com,Hall_b302a5eb60373cdbd1be29b1ec7988e93e6e1473f5f1334a62acd203361ab713
Pamela,King,19930929,28,72515095,Pamela_King@soto.net,King_01148537b9fccc5e774e52edebb02cef2a39754bf5ae747b3f465700ae7caeba
Eric,Dunn,19600712,61,13714207,Eric_Dunn@reese.com,Dunn_ae8e6f329e76cd712a7edcaf3ccfc529e548c8fc82bd7ce94faa9f343f508226
Paul,Peterson,20021225,19,59148863,Paul_Peterson@bullock.com,Peterson_c41f42a58ce9f59c941ee3ba6111f8fabdca0296a6044ba8d83eaef6bbdd222b
Robert,Moore,19550415,66,19512199,Robert_Moore@young.com,Moore_bd6b13ebd733e91b36ba43b11c7b27eda3491a56b64c1964d8954a4d99388f98
Antonio,Dominguez,19801115,41,75861007,Antonio_Dominguez@nichols.com,Dominguez_821d78367531450a462d768095b399faba62c03bb6d4415de41a572f2829f30f
Ricky,Allen,19610619,60,61433467,Ricky_Allen@roberts-mendoza.com,Allen_3a51865efd8acf1f19fb06cdd1064b8e8543af4767adb94787200c7dcec14350
Maria,Miller,19941221,27,86317751,Maria_Miller@roberts.com,Miller_208dd6da1b1ac49de83cd8692deb85e5b24350182c6acd631fb386c76e938b8b
Gabrielle,Johnson,19581006,63,35424207,Gabrielle_Johnson@serrano.com,Johnson_fcba18975eb90274a271822a5ce0f01074c7cdcee14b8962e1fbbe53c2ba9587
Jason,Armstrong,19921116,29,68514503,Jason_Armstrong@curtis.com,Armstrong_e2fb837ca07d785be4e96e912bbdd702e7c8d925e79397f5185fd6481b53a6d2
Dylan,Johnson,19960107,26,52048815,Dylan_Johnson@montgomery.com,Johnson_d53b73d3a26d1c477fab812b56026f0cf595df2506ac8e5f88bbbec82e64114d
Michael,Morris,19790924,42,62959695,Michael_Morris@nelson.net,Morris_05ed3bbc404050b00bc32df271bfb3342639c26b77a9e7702e0ac5730f1c3c90
Sheena,Ward,19730926,48,96834175,Sheena_Ward@wilson-mcbride.com,Ward_57d0cfb0c70cae8bda1914031f4f8032fcf2f218d387a511f815787d7f098e45
David,Clark,19850108,37,44834223,David_Clark@fleming.com,Clark_4e6ee37b480cf9320e4d4c1f6f65c631690e602373f7ec6cbee12692b2b95dd7
Charles,Jennings,19750714,46,70913863,Charles_Jennings@cochran.net,Jennings_18c5d87cc5c2235a08d1f8b91f770041fb2f627957165d780824f8d91e98dd7a
Sherry,Lyons,19980209,23,47672835,Sherry_Lyons@carson-copeland.com,Lyons_ab9a600e9f8b3867cf61ec73078f4cad56191db092e0f9417cd5c63ea89e8dae
Carolyn,Glover,19790714,42,87832791,Carolyn_Glover@walker.com,Glover_9a70052b218ad04401e10a245873777802c49d76ddbf35a1acb8f29fdc72cd4d
Alyssa,Pierce,19680516,53,95839991,Alyssa_Pierce@ruiz.com,Pierce_133dc100a171933adbb5773c4dcb2be08afeadfe30e4c743b4b43f7ea923cf31
Jeffrey,Hatfield,19701014,51,69441735,Jeffrey_Hatfield@morgan-erickson.com,Hatfield_bf691b387c689a0b289a7c2cb96dddff5290b9f709ad59534c97f0a1fda8d98d
Matthew,Moore,20030707,18,66391671,Matthew_Moore@nichols.com,Moore_4788f35c7adfed3f67f3471d578da4cd7a82ec43e42162ec970b9e35e7d813dc
Shawn,Galloway,19850419,36,17471367,Shawn_Galloway@johnston.com,Galloway_1a4d257fa59767649d76bcd2952118ce3026c5c4b2ec7b2aac1bffd464c73082
Scott,Harris,19901214,31,36307567,Scott_Harris@mullins.com,Harris_fc222136b0c2a064e601b8874ea02188925c8e0e55e8d47324cb341365511403
Jennifer,Butler,19511118,70,16079075,Jennifer_Butler@arellano-morris.com,Butler_c810e3e81a182bf61a58330a6b2d2830489a3b5b34e6ef233648026d1edb87e8
Vernon,Bishop,19730710,48,78396487,Vernon_Bishop@clark-larson.com,Bishop_b050618a732f02e1675e17ca542a0a499adf63dd75ccef6e384fb1ce998384cf
Jessica,Williams,19730824,48,26472931,Jessica_Williams@thomas-martin.com,Williams_b783520f39accdf4125d938148c986c7160e98e0f7e3c35d1c54ebe729895cd1
Scott,Zimmerman,19560130,65,70071511,Scott_Zimmerman@fischer.com,Zimmerman_881d6be4d956c9f0f0cb30d1698128d82230af09e7ec7b25efab095a06b9d031
Samuel,West,20020627,19,50354899,Samuel_West@johnson-ryan.net,West_15f40df41f64d6bd77d46a5fcf44ba107022dd3d0df6d246221d0951d02e891f
Fernando,Salazar,19720419,49,71192443,Fernando_Salazar@humphrey.com,Salazar_88b5febec32c439cd063e2b189395c60311c86a4e18def86cf28603a88c1c5cf
Cynthia,Smith,19510905,70,48760255,Cynthia_Smith@smith.com,Smith_9f8dcef3887ccdb879051388ea0f31fc4e5f44e3d5eeeae346077037a8d8ff3b
Jessica,Allison,19721030,49,66821135,Jessica_Allison@harper.com,Allison_0c21b32f62122b51a72299cc44aefb3d05debb36805b3855ad448545209bb502
Kelly,Perez,19600519,61,60614735,Kelly_Perez@ward-wilson.com,Perez_016c795f414fafbcc3b3c180514a9165de5c364c356ab3e7ca9c9f1b4aaefd9a
Brendan,Smith,19580516,63,67839775,Brendan_Smith@williams.com,Smith_750a9760d90aeecc29aba6637786b973d4d7bf4d9c448b59f2e3c5c53616f0dc
Christopher,Smith,19810707,40,42594715,Christopher_Smith@lamb.com,Smith_216c57f8fb5dfb76bd41917a84308c525b76a39d7516572cda002dbba463e2af
Amanda,Brown,19541218,67,52400391,Amanda_Brown@williams.com,Brown_cde99849d3e751c172dbd2e6f0846c3233359b032ae522152748eaaa71a45e0a
Robert,Smith,19870424,34,76366335,Robert_Smith@joyce.com,Smith_634dd68ed2a2bda6aa01cf5c60411736b6c8d3104e3e635e15451f7db452590c
Cheyenne,Moreno,19600912,61,61341887,Cheyenne_Moreno@hampton.com,Moreno_8048c158e270f81fb2e915abfcd2ac6998408a79b785752db3303cc6109ec84a
Cory,Walker,19621208,59,37614935,Cory_Walker@torres.net,Walker_a21beef579332fbadf35c36c80801d0ce3cc3ea0fdc42c837ceb6fec8d9b0b5f
Debra,Peters,19820408,39,69115179,Debra_Peters@smith.com,Peters_83c4b363d805556a6280fc1d92c28b765a5167e784196c618a92e739e2a86d99
James,Rhodes,19771010,44,27465295,James_Rhodes@green.com,Rhodes_df2664fed1448090276bf938f63bb51fb40f2f1e7391dab7b4ef41b5307a0ef6
Miss,Michelle,19830121,38,64700455,Michelle_Lewis@wiggins-thornton.com,Michelle_afe1c45311188bd44607e236906f44788549e29d7b19619fbd28b6c50f7b8ff3
Matthew,Oliver,19720423,49,14016935,Matthew_Oliver@mitchell.com,Oliver_94edc04cece2a90d1c5d65be03227458fbb1ab2a58765a3ca70ecf962d5bfca0
Alexander,Lowe,19610508,60,93074023,Alexander_Lowe@morris.com,Lowe_73be1b2f22b8e19cd88e14c35b7ee414961d7ac6a35d0397f196cfedd01bbc9d
Jeffrey,Santiago,19750228,46,93827623,Jeffrey_Santiago@duncan.com,Santiago_5cbec548e9e2dfcbb39cbf07267a0fc7aeb89b9cdcb28e39e87cd38511faabfe
Jeffrey,Bauer,19660813,55,51154803,Jeffrey_Bauer@garza.com,Bauer_18f681c48d07c8e754c44973fa98043da2fc813f3b1f5c27eb27de5f9e8c9a75
Abigail,Brown,19801008,41,15726143,Abigail_Brown@jones-underwood.com,Brown_b08b0fe7597d1389c49124c3ced19fef2d04068eca89a5e591971701a9f603aa
Dennis,Sanford,19800806,41,88084407,Dennis_Sanford@lopez-archer.com,Sanford_c7e244ca2e5f5423a74ea8da13349c13e29d11b8e0fe81c191d3cbc0274c1a14
Sean,Wang,19600311,61,25595367,Sean_Wang@gibson-calderon.com,Wang_04168617dfd42fc0740163c2a37fee442f2eded62aa96472ba8ff6e366c9a875
Jeffrey,Hernandez,19891231,32,76263607,Jeffrey_Hernandez@mcdaniel.com,Hernandez_f3251137f2962028038bfe9f6880de148a102e66f4a32be26a04c3ecd1a3ea33
Noah,Mccarty,19650620,56,64718427,Noah_Mccarty@rios-oneill.com,Mccarty_6f29c52fcd67e2cfdc10832290877feacb96f4e4ca0395ee07d039c2eda26a0f
