Angela,Myers,19740126,47,59457063,Angela_Myers@rodriguez.com,Myers_96365716a08f62457028fc28f32aa65950c8cfd4924a2f92b7b348fe4375d45b
Dr.,Paul,19940215,27,91301999,Paul_Jones@clark-irwin.com,Paul_f903f193bcb91c4d2d68661972eccf8188f049517e884c5c7ff9cb0050482cca
Brent,Castaneda,19580307,63,80875871,Brent_Castaneda@garcia.com,Castaneda_1e9a556970fcb3469a8ab94e994e58d707a9d5f48a19245b08e57ffef37a5e1e
Sandra,Schmidt,19590711,62,50638143,Sandra_Schmidt@herrera.com,Schmidt_be25c36ac4c9362ed87dd609d8144ba612fc261b497c582a99f683446fbcaa38
Grant,Snyder,19731031,48,23872143,Grant_Snyder@gonzales.com,Snyder_d3f05cc5fc952e4c4af35e7c74227c53dff66b45e8c588ef929386e41fcc8e6c
James,Castaneda,19640126,57,64715807,James_Castaneda@miller-hart.com,Castaneda_7660ad97abfb4dc6ca2bece59f0ab80d6a91dc077573909f9a12a74506b7014a
Andrea,Huynh,19890929,32,26799851,Andrea_Huynh@dixon-smith.com,Huynh_1735e5bc360bee093e1cc6e99fd7452312baca70fc7229137d497e10a1cc2179
Wendy,Nelson,19650108,57,59119063,Wendy_Nelson@day.com,Nelson_f7fc335b945dca6494e04ede2633fc59ff6af8bc0b99cec972f48222580295ad
Cindy,Jackson,19670727,54,60954247,Cindy_Jackson@garcia-burch.com,Jackson_40b1bfc70a2b1d21cda38d1806394d99853c32510887af42801198eb9c90c054
Kelli,Olson,19960723,25,50265023,Kelli_Olson@campbell.net,Olson_50aa76e333c4bd91be732f8f044c6765cc8cd689463a9b6109192e09010b1465
Kimberly,Koch,19870125,34,35893839,Kimberly_Koch@rodriguez.net,Koch_439718e2a6ddc475811a1c5640c721bcca7e282299884b0fb6d3390c65438a2a
Richard,Anderson,19580706,63,66751511,Richard_Anderson@white.com,Anderson_76323129ae6efd2455e8609cba9358234a2e03d6972bde720ed76ecfbc48a852
Cory,Garcia,19550202,66,86555943,Cory_Garcia@evans-benson.com,Garcia_14ae78201a89705e384ee93cb2a822e0cdc57d506259668e7040c8387d40f479
Jonathan,Villa,19751203,46,80471287,Jonathan_Villa@suarez.com,Villa_19bddaf864905de266b52c6a3490dd705cecaa120a2bca923de00830153e864a
Karen,Salazar,19950205,26,89394439,Karen_Salazar@wu-cohen.com,Salazar_3fd98dfce4a148cf7c53751ac001aed666232291bff6cdea27cb01f7400f3569
Alexander,Knight,19740812,47,41639975,Alexander_Knight@doyle.com,Knight_7e064eb8d9b9500a9207092c348a3b752f789f9eba37bc071cb293b40c96c19c
Heather,Bennett,20020105,20,64795847,Heather_Bennett@hamilton-blair.com,Bennett_dcbc8e2fead852aa890654d70c5cc0f6231fac82b15fb1089653e00dedc22e85
Zoe,Christian,19990319,22,22170983,Zoe_Christian@grant.com,Christian_90eb36f59c1d96857b1207ea8f68305482394f1c3cb877259824b141d97c6099
Lauren,Orozco,20000126,21,71540231,Lauren_Orozco@sanchez.com,Orozco_32e5d99b7893afbc31259c0873f00b32e2da1a71a9ca4e8166c49fcd3e8a14e1
Nicole,Small,19570414,64,82553335,Nicole_Small@nolan-randall.com,Small_09b680039a5c46d915f537679271d430b54157085f8e26be431355307ef51bba
Jacob,Stephenson,19541111,67,75359427,Jacob_Stephenson@larson-stevenson.net,Stephenson_dd8906156b440da122716677dd3e36689eafb8138f299737e342a017b129b49d
Jennifer,Weaver,19781015,43,74152151,Jennifer_Weaver@patterson.com,Weaver_feb810c4162c1029557a60133cf092fee9055bfd83784656daecc4681b00d9db
Penny,Lopez,19540925,67,99596291,Penny_Lopez@young-huang.net,Lopez_7b62113c080ffb123997c6c5ef8e3542f4e75eff3816cf0181a277f25468e7eb
Jessica,Lee,19670124,54,89410823,Jessica_Lee@brown-baxter.com,Lee_7f12ff2515cb5af5ddeac84e72f4381a18b1053731792e864675929f70ccb1de
Lindsay,Lopez,19820123,39,62519943,Lindsay_Lopez@foster.net,Lopez_b6ee88e3f34ad3853d0856e3ea3e3f8fbb150bd1d01658401e15534d04e30b36
Jeffrey,Murray,19821221,39,27473887,Jeffrey_Murray@jones.net,Murray_8d3f740f5134555236bc9fc7743cdf48805b2100c114ca8851541a70528ecd98
Jacob,Vaughan,19830908,38,69615007,Jacob_Vaughan@martinez.com,Vaughan_400569490fb79b3fdb2673942f775bba7b684fd231dbc134f53468336762c91f
Melissa,Levy,19500330,71,51842935,Melissa_Levy@arroyo.com,Levy_bef91eb1ac97f437860a600250c6024eacbfb4cb79a54f1ddf41c4ede0e8ecd9
Nicholas,Mills,19631001,58,68844231,Nicholas_Mills@williams.com,Mills_f511aa91c5904f49999c00659b90c08b9cb1185982e0fd08b3d31facc181873d
William,Hopkins,20010401,20,12277875,William_Hopkins@snyder.com,Hopkins_3c396c305fd4944efceec67afc347d98b6a6742f79060e889886cf941e8ffe33
Brianna,Haynes,19980104,24,12153303,Brianna_Haynes@garcia.com,Haynes_17e397078913cf2f8861b0d17134fbe22515180211a022f4f45b1a4855869629
Jacqueline,Ho,19610131,60,75359367,Jacqueline_Ho@henry.com,Ho_735510c09a40e3a670410eaa93702a5337d97416cffa2b26f7b0d98d41a2573a
Kathleen,Tran,19740211,47,20044927,Kathleen_Tran@wilson.net,Tran_b0eca9f8deeea754dff48b1548ec32a60c23bb9cbcdbe8ca52f1d32a9ddaa4cb
Curtis,Flynn,19780926,43,58787463,Curtis_Flynn@cook-drake.com,Flynn_066c3e1093bbdea335f31be424ace18b3fa3f05d9897cb67fd0ac4b0a42705b6
Angela,Morris,19760207,45,89409391,Angela_Morris@murray.com,Morris_d143a5ce429e6e497665d916f86813d178b57b8ca6c0749855f05d073087cb06
Sergio,Day,19510531,70,27091295,Sergio_Day@guzman-garrett.com,Day_69b70813225425b35344d41c80beeb3dc236e497215d160cb7e11320d935b86c
Kathy,Phillips,19841216,37,57829247,Kathy_Phillips@floyd.com,Phillips_608c96eae3a22b57cbfcdcc3cb8592dc9a026a548ce5852e2e46d8660aabcdd0
Brandon,Johnson,19850310,36,60862935,Brandon_Johnson@ramirez.com,Johnson_56e3dd42e694b61eca5f667caff3ac26f8bd90528431835818d54116c76797bb
Andrea,Dennis,19570926,64,17153399,Andrea_Dennis@smith-goodman.com,Dennis_14df343ae205fba80173793f451897ba1a61f277b26c3101d363350d42adc963
Joshua,Thompson,19840830,37,98999803,Joshua_Thompson@morrow.com,Thompson_9e0583affffaed60058d98e49b51fc59606c5bb920d462124411d0d776c476fd
Seth,Alvarez,19800801,41,90929927,Seth_Alvarez@conrad.com,Alvarez_f00bdf691968da40d2abd69c3b829454f07775675e23ecc15fd9b520d1832028
Jake,Spencer,20020509,19,53533879,Jake_Spencer@murphy.com,Spencer_c21d73bd77adfac8b447c466e6b7436d8e3e491fe83391d52fc1a52b382c8678
Joseph,Cross,19530126,68,35750023,Joseph_Cross@mason-shaw.net,Cross_36c08ac12616825425f001e157c42e2047ab3d22cd2a978faa6a23aebd5b45ef
Shawna,Andrews,19981115,23,12022295,Shawna_Andrews@freeman.com,Andrews_776f9a41b113aef2c9cdcd365493ec1be47030f9911429851cb1bb2467fc4064
Donna,Malone,19520710,69,89038207,Donna_Malone@brown.com,Malone_16828ca79bf30c2a6d68a4716139b9c53109d30ab7124b1c371f233cb1cc68a3
Brian,Drake,19620211,59,83466007,Brian_Drake@hurst-price.net,Drake_a32f08fee4d1b4d4d734950f3d0225675cc71e3433b2133dac08212d66d788ed
Kelli,Wells,19540308,67,27406215,Kelli_Wells@jones.com,Wells_5c2c04e21c427c33280338ec26de497fbc0c13b2aa31ff2d87d61fef9e0a6b3a
Daniel,Lewis,19770205,44,48084439,Daniel_Lewis@robertson.com,Lewis_e0082d60b7ad7a9aa5ee87cb2f0fdcbf5bcfadba34165779b941091b6acb08b3
Linda,White,19751015,46,84876711,Linda_White@moore.com,White_e99606c0a97e17aad6ea6509b7ec68ac47e676c0a0c6902c88fc1450c497222f
Nicole,Schmidt,19651109,56,86157423,Nicole_Schmidt@stephens.com,Schmidt_54bf24108e28628c05061bb6f28e83bda0b63e6a3ef51a3840a764ca462dbabf
Dr.,Christopher,19700630,51,52999479,Christopher_Harrell@lindsey.com,Christopher_7257b7e63fff0ad42e6ace0e082af69e88b355ecad6c34465620f74dce01dc0e
Gregory,Peters,19900902,31,78256247,Gregory_Peters@ray.net,Peters_62c2dfe2c43ad82366e05a035d5fd6e590fb11d056fa73a74f413612d88f98eb
Karen,Oneill,19921004,29,72265879,Karen_Oneill@gomez.com,Oneill_7278cce223fd7646a4e27bffa7b140203e36df43fcc486c62eeb2091d269efe3
Joseph,Wright,19570521,64,40768583,Joseph_Wright@powell.net,Wright_f1b731fafb8a320fe031bcd8d3203ba36882b8565f3614e485f6cde141ba670e
Kelly,Morales,19800227,41,44799815,Kelly_Morales@sanchez.com,Morales_3cabc105b46ffbcb62042615f74b27c499357864f15a55d32c671908c88be175
Sara,Dominguez,19860220,35,69114407,Sara_Dominguez@delgado.com,Dominguez_401336433874c9a6f9098f5e77c46f1b2bfee0a778f6f6c225fb5eaea8120037
Katrina,Miller,19540308,67,81240247,Katrina_Miller@grimes.com,Miller_5c2c04e21c427c33280338ec26de497fbc0c13b2aa31ff2d87d61fef9e0a6b3a
Laura,Lopez,19901221,31,72627367,Laura_Lopez@rodriguez.com,Lopez_ea3475edf3c227266b573bfcb249ca216416354d80c1283d0972efb8d83b7c1c
Danielle,Stephens,19610929,60,16838823,Danielle_Stephens@miller.net,Stephens_baaae3e5c6b2fa668cc11e09a682c6f4c4961f9f875cca9019ff8f55ad5c2ef4
Pamela,Hughes,19870613,34,40181295,Pamela_Hughes@charles-costa.com,Hughes_5403fe974c3944a8147a2e339abb4c9257483b336d22a809933687f400db5825
Destiny,Johns,19730112,49,89233575,Destiny_Johns@hayes.com,Johns_2c729d878aae988c8c2b464a9586370e07625f9c3ca2a3294f74dd8142e32c4b
Sarah,David,19981216,23,97218247,Sarah_David@collier.net,David_39e9f80cd917c90a6da8a55c0f8a9f44b54505a786fbf55d99e40ebdec40da9d
Stephanie,Decker,19770905,44,92626639,Stephanie_Decker@barrett.net,Decker_0c2cab5626e59ac9ca4ea9b7f474b93f375b46a0ba822e79bba26b6dfa4804d7
Karen,Morton,19911004,30,36838791,Karen_Morton@romero.com,Morton_2f8fd54ac4a527acee93eb598916cd913b6036407c7a1120ac37aea086120852
Marie,Lamb,19790410,42,26841263,Marie_Lamb@hampton.com,Lamb_5dc6d560a0bfb57205fdeeb2bd390b742bb8878814e6427dae1d683be1dbc3a4
Michael,Martinez,19521107,69,40271975,Michael_Martinez@hogan.net,Martinez_bc0fc256881c973e33ec5fefc359b38c0e0836da32cfe6ee9607fa767461bdd2
Daniel,Nguyen,19590903,62,37673823,Daniel_Nguyen@mccall.com,Nguyen_6a5e701dcfcb97f9a23bd26f1252e85b524eeb13f2b73e33a068404549ed7b55
Patrick,Madden,19941101,27,35389647,Patrick_Madden@sanders.com,Madden_d8100f17c17a85e833511cd86b733dd06294ff8e8e6f85d4da3280fc39727c89
James,Stanley,20010810,20,51351887,James_Stanley@beltran.com,Stanley_9b20e7a38241c092ed3577b6dcdacc1504028246c9c4f8061cdefdb021b64580
Allison,Obrien,19620423,59,81154631,Allison_Obrien@bailey-sanders.com,Obrien_00e34dd3079da0034a23f34384965c04f1287c713514526cd849286258a63a91
Kathleen,Rodriguez,19670510,54,65397891,Kathleen_Rodriguez@frost-james.com,Rodriguez_2bb862d6ff974872692db20ceee6006cba74b33443f62cdc5fbf1e79aca0208b
Leonard,Hamilton,19880229,33,76082775,Leonard_Hamilton@brown.com,Hamilton_f2276136e2edade2a7912de28886747afc2f1f79804d928b162ee785bbf556e3
Carrie,Nelson,19510609,70,49242255,Carrie_Nelson@archer-murphy.com,Nelson_fde1ddeebe594e58dda34a5f9cca0444d742fa48d8eb08e7fc157296a29fc72d
Carol,Sharp,19751203,46,18014567,Carol_Sharp@garcia-lamb.com,Sharp_19bddaf864905de266b52c6a3490dd705cecaa120a2bca923de00830153e864a
Kelsey,Miller,19780711,43,45676055,Kelsey_Miller@anderson-green.com,Miller_d50188595e79a75e2e8098e54e2b76613afd490c39f5fc33c77846bbf7e82059
Emily,Andrews,19550427,66,20594859,Emily_Andrews@reyes-singh.com,Andrews_bbb39d5f85292266cfeddb3e2d7c709def70fbf5275d43c1248185615585c171
Gerald,Stuart,19951008,26,98421991,Gerald_Stuart@strong.net,Stuart_08df4bac6780013f5303846894bcd6acf78b49b987d6c5d43547e0ec2bb7c7b7
Dale,Ramirez,19550323,66,59875791,Dale_Ramirez@patton.com,Ramirez_63293dc5aa6b9c2cf15c4e2cc3a78bde63b0fc3351b6a3b0dff03187af60192f
Sherry,Hicks,19611127,60,12514111,Sherry_Hicks@stout-nicholson.com,Hicks_5e5f205f4b7466091b89c5086009f08f75d3fd7de76cd78e8409c2c0f8457684
Jennifer,Garza,19890603,32,31999455,Jennifer_Garza@herrera-klein.com,Garza_be6d15e3f50ddc7827bf364af36e05abbd28e76900d348fb123aadf25692385b
Miranda,Mata,19930124,28,61632395,Miranda_Mata@martin.com,Mata_53cfc3d7fe8abb469b6db90cb44e8c1c8427afb583802fbb5d58dace2e4d7107
David,Vazquez,19901206,31,57160871,David_Vazquez@davila-beck.com,Vazquez_73e4ff70e388c45903dde7bf6dc3ad0ace711b4a543eda6dde5aa2b807fb574f
Jonathan,Castro,19700409,51,95059239,Jonathan_Castro@sandoval.com,Castro_49d900f9deb5011062e7ff7018d3d242465c42f5e769325f6fda8666d9701ec3
Austin,Alexander,19950418,26,12638703,Austin_Alexander@ortiz.com,Alexander_1243813484ecbb82dfd1fca01c9014b127c636c46a145b80434abfe6ebabbf76
Shannon,Thomas,19680903,53,18892279,Shannon_Thomas@dawson-alexander.com,Thomas_2a3b970709d002788da2a1d7950a4eee9d21b9c746e46580f74f5199c5a11c06
Jeffrey,Rodriguez,19900331,31,56472143,Jeffrey_Rodriguez@trujillo.com,Rodriguez_f13032b339acd0a5a5bf3af06a4aeb8d36a53e2cd6f61937b381c92a663a30a6
Tara,Barnes,19540108,68,42232079,Tara_Barnes@shepherd.com,Barnes_92ec5f256033e88367f8efb079a7c7763f64a4ac39284d592943363e6575d22d
Ronald,Hudson,19510310,70,66192423,Ronald_Hudson@carson.com,Hudson_31f1d0d9c108c8e1ce4361c871caf7f51a884655f410ee78fbcbb1a1b5abb558
John,Rogers,19710509,50,21046575,John_Rogers@oneill.com,Rogers_83dc90ed9d736197886e919ef96215e977839e6d1968c6d1e127bef983792f65
Jeremy,Krueger,19830715,38,37358751,Jeremy_Krueger@haley.com,Krueger_b37c9cc4068d21ed351551dda295c07975a65a7543e36e2397db9045602a7382
Brandon,Orozco,19870717,34,59988495,Brandon_Orozco@greene.com,Orozco_02d2bd87ee4c9a4d11f614436fe3086aeb06fc0093a454cbd9d974cec798ee7b
Carol,Murphy,19640317,57,54241135,Carol_Murphy@lowe.com,Murphy_ecd95ee5c5d16ebf2b384d35512947944d8cad94d62860ea091e31d73845e587
Heather,Combs,19590428,62,18518647,Heather_Combs@powell.com,Combs_2d19f0fbd9fd8640a795dd38b7ce264195a7edd39f6fd9d72258404bdb842deb
Charles,Powell,19970906,24,47215879,Charles_Powell@knight.com,Powell_89e2643da9b1befdeda2f3756fd5d74512dd2a15a0d6c6d9962bed6a640d5343
Wesley,Shaw,19830121,38,76819471,Wesley_Shaw@henderson-gibson.com,Shaw_afe1c45311188bd44607e236906f44788549e29d7b19619fbd28b6c50f7b8ff3
Jessica,Ferguson,19670129,54,78033235,Jessica_Ferguson@young.com,Ferguson_8004f3743063e633813fe35c0c2a305e51c42daa2820ed9e4f375063100514a6
Julian,Newman,19580313,63,49873159,Julian_Newman@haynes.com,Newman_15a276b16c81eadc2a2a17da322342fcdf7f1991dd44ba414b609c7227751b55
Nathan,Gray,19960618,25,48983767,Nathan_Gray@scott-gonzalez.com,Gray_15cd60b04ae3035dd29d55d7e9ebd0e04630d1e57288a9be35bb6b110b785422
Sean,Morales,20030920,18,50605207,Sean_Morales@molina.com,Morales_867f3f70d8dd2ca660c2caae174569ae61d94be2f48036d53e2766909575e4f9
Logan,Watkins,20000511,21,87081215,Logan_Watkins@hernandez.com,Watkins_c99644574f988982cbb75f49edc018031a7432cfe783407929fcfca542de1b1b
Michael,Knight,19870804,34,71412263,Michael_Knight@davidson.com,Knight_d46f2af932017d666f83b3e942f7efd995af29b360aa567fe419f8e4d4ac7c1f
Arthur,Chandler,19610210,60,18438007,Arthur_Chandler@martin.com,Chandler_4ab754a6f60e1c220a96871a9f7d2dc5da1eb7c8e9bbbda3877699eb57676c4f
Ann,Wolf,19801211,41,26916187,Ann_Wolf@wilkins.com,Wolf_cc49913e37d117dad22af21871c7b591cfa41520eed7442d977c8699ed0d3e28
Kevin,Johnson,19930802,28,15154639,Kevin_Johnson@rogers.com,Johnson_a67f319553ce43408c4ce1de7a55b7e87fa6b968046f2a5bae1e8bf22c8912a1
Brenda,Long,19510914,70,45992583,Brenda_Long@carter.net,Long_f0fcab6e9f14e8dc1793936c1f37331d630bf3571be1f5afc9c943a2167b315c
Robert,Stephens,20000619,21,92784815,Robert_Stephens@lopez.com,Stephens_5a6e3d3d3f2ab6003d8cdfd5af041aeb0b18241e741d3f35b2859ad617fbd6b1
Kristin,Lawson,19761101,45,36661711,Kristin_Lawson@salinas.com,Lawson_a0aec02140ea64b428759fe1e27c2824796b4333bd82ce480b034d45cee35546
Kimberly,Hopkins,19931022,28,67364511,Kimberly_Hopkins@adams.com,Hopkins_56d1285f3fab73206ce93f3ab0bf9181d0296f7362f0d9c2cafaa413cdcb4fda
Lori,Fuller,19680101,54,54288255,Lori_Fuller@gordon.com,Fuller_9068b7cdd633d59040625f4d12e0cea6da129fd66f200b6bbbc68ee5f4b52457
Elijah,Roy,19870705,34,57159015,Elijah_Roy@jones-baldwin.com,Roy_57ef7bdd9a8cd93d08adfdafb3867764982b7972ca162e112872c730e6f12fa1
Samuel,Dalton,19960916,25,75194711,Samuel_Dalton@marquez.com,Dalton_32ce48640e92e6c83c1d2adcf0b1066d46ac652ae8dee0c16260a5a2c4e9659e
Evan,Russell,19590120,62,75209343,Evan_Russell@ferguson.net,Russell_eeae9437e19373004d1cb61902e80ee155d10433079e92113846ff901a2b688c
Tiffany,Scott,19861110,35,76272207,Tiffany_Scott@davis.com,Scott_af31dbf2ce87009491b9fc0a49c8afe132282932ecc69c369e954f6b9cb46168
Emily,Oneal,19580118,63,49152079,Emily_Oneal@gutierrez.com,Oneal_1a34ff10cd2684ecf4d778bfb33555507622d8295627521f0289dfeb3debd0a8
Kevin,Walsh,19920805,29,63251375,Kevin_Walsh@hamilton.net,Walsh_8cd29546e4634be423f737b66722926f1570a0411fc79c1990b0c138d8409f09
Jasmine,Ramsey,19500407,71,16447279,Jasmine_Ramsey@jackson.com,Ramsey_843ef9175fabb22b4ad1c93b76140390c2e1cddfc6613ca90360228243db9274
Cynthia,Ortiz,19590607,62,91591279,Cynthia_Ortiz@mathis.com,Ortiz_03ef4162a658734665fb9a01b501ea428556a12661af21eaf1ae5be4fd1fd4a1
Pamela,Boyd,19680628,53,25030751,Pamela_Boyd@freeman.com,Boyd_94bd78494a1588e03a2608eab619f4113f38418cbe32a74b0ac34505b2167d3b
Michael,Love,20020321,19,41033095,Michael_Love@rodriguez-martinez.net,Love_011951a795be85edf8d85d1014518203c7e58baa784ecc4fa1bd2e33cae732b0
Ryan,Fisher,19871030,34,63505855,Ryan_Fisher@fletcher.com,Fisher_27703373352b640a5a608b266a69a2d25f4fcf5e8447b8d9422d8853cc0117cd
Jeffrey,Macias,19901003,31,98485783,Jeffrey_Macias@cox.com,Macias_b438f6dfea80248aebae93164e2b42b5574fd772b593acf02b3397f1912cf9a4
Thomas,Perez,19630220,58,96377439,Thomas_Perez@greene-lopez.com,Perez_7a5c3d550bc6286c4ff523d5c5ecb5a806656f504ec4ce93b625d6a3ce134be7
Anthony,Cline,19890125,32,64231171,Anthony_Cline@rivera-collier.net,Cline_d04f7b4702388ce5b0d3cc6bda056411e71fa5015fd75b9f322d13dd826fa94b
Yolanda,Petty,19910125,30,69674519,Yolanda_Petty@dunlap-brown.com,Petty_89b4f677440d6645ee420117f9a72d4be4a72aac25ac3ad4dd6bd4027cb36b68
Angela,Hayden,19960623,25,28574351,Angela_Hayden@barry.net,Hayden_44dbe58d0467ca55df87e21f7898f4458a31f5c2b6e8af24161163335e9ce1cb
Andrew,Macias,19661013,55,28232535,Andrew_Macias@douglas.com,Macias_a41162e565fb3df601e5996c51fe9db711dd2b34f8be978f62ee10d188a3d018
Timothy,Jordan,19991228,22,77411263,Timothy_Jordan@young.com,Jordan_26d57fb8f2fd64db2dfb6d9c79ac08902fa105e6b723ebcd976c5795899908a9
Dennis,Williams,19660711,55,93993079,Dennis_Williams@rivas.com,Williams_8e4f055dadf863fe9be2f7f917baa3b7f2b32afacffc952b8879b81f99d353b6
Jillian,Knight,19881108,33,20417711,Jillian_Knight@davenport.com,Knight_10192ac0ceaddaef3b6a49a93597b40e48e95153db5af6dad98e0112645011df
Nathan,Archer,19560723,65,72954367,Nathan_Archer@gray.com,Archer_c623267fe8c6ece49a8d3bf9e29f14b85b79e950e7e3c85e55e2563392364937
Thomas,Fisher,19850415,36,99090999,Thomas_Fisher@phillips.com,Fisher_cd40a05b69f236c884a5d0b5dbb4dd4592435805c725c10500387c3c0bbe2895
Tara,Jones,19850303,36,49275455,Tara_Jones@blankenship.net,Jones_7290cb604f63afbd60f8ee2638be3e5fa61cac847a4dab1bddc02250ef46afbe
Cynthia,Bailey,19790825,42,48942719,Cynthia_Bailey@oneill.com,Bailey_13bebad7bea4c506fbd6248d96f67f6f6e7a3b9cc259995a1bdd38c3610190bc
Derrick,Sanchez,19700424,51,97980535,Derrick_Sanchez@mitchell.com,Sanchez_9f26674eb82723458fd7c53ddc408a68521af753151a31758b60ac66a76c112a
Thomas,Rogers,19970819,24,36072875,Thomas_Rogers@banks-perkins.net,Rogers_3818bf2e7eb1110e360b8ee26ce875c992418285ccb84768fa8eab25679d1464
Kristin,Wagner,19970129,24,66045343,Kristin_Wagner@clayton.com,Wagner_83f4e1f7b7d07d08674b86c26e322a09915a69f477ffbaf7e51c1add68d54ce5
Michelle,Keller,19510706,70,56139711,Michelle_Keller@johnson.com,Keller_86f7ade11bef8093596debf1cd9829bea9e40b2eb7b3aba2f585b0eab3deb1ad
James,Dominguez,19881205,33,49527207,James_Dominguez@black.com,Dominguez_e2663ed67d4b9165031d0215d36cc61faeb0ca9c3c17ff5d6a7bc99c5b628c19
Deanna,Smith,19510416,70,50395271,Deanna_Smith@cooke.com,Smith_774d5019ecb306ee4db3615ecc8de544b026a3ad3886d3e27f06d71ef96a31a6
Harry,Miller,19890613,32,63478047,Harry_Miller@warner-jackson.com,Miller_4e2a7e76e0e373504b96bf13d348b7f6c907e0ad28c6f8e6772ddfa5d03f0bb7
Kimberly,Garcia,19630108,59,41397407,Kimberly_Garcia@tapia.com,Garcia_566832dd6d7c5830e1f50f38e643aa25981be9bf8a6b97afa1cf2ca214bb195a
Olivia,Clark,19741001,47,67793735,Olivia_Clark@wade-roberson.com,Clark_92a9e60d9f5b1e919f0ef9421dfe715fd3b1db538a85d41189d399800810521f
Bryan,Porter,19570214,64,88089671,Bryan_Porter@elliott.com,Porter_e9e423e8953df89b9507ebab277d4b3bca9e52873abea99f7d7a94efee9c28e1
Rachel,Poole,19760708,45,35095087,Rachel_Poole@jones.net,Poole_c5b79de3c8463dc3e5af04a03e205644d1b12a759f7487e8a6344e7b403b6bff
Christine,Lara,19590301,62,77716475,Christine_Lara@barnes-lee.com,Lara_52f38505555347ce50a160a3889ebfca93747d77c36e37adab73786a5db1b8ae
Dakota,Silva,19790710,42,41853599,Dakota_Silva@barker-miller.com,Silva_fff90aab90520c8138828e3074d9b862a1afab72bc4d71452154be8feb9482d0
Kevin,Woodard,19550809,66,30319911,Kevin_Woodard@lynch.com,Woodard_0dee6195ccca2bee6c0e3cafbcb028ce0c1ca6256b51d91359ffd559471f9e33
Vanessa,Johnson,19601019,61,89236567,Vanessa_Johnson@barber.com,Johnson_8fef3a4056aeaccbd75a4072b1a91fa68ee082876b3629546b2399ae74aeb001
Kevin,Clayton,19750708,46,25081071,Kevin_Clayton@miller.com,Clayton_7f5be3e563470b906c67ed40b4647fdfa0eb6e3cf51e0ab98ae0c163701afa4b
Amanda,Murphy,20000730,21,30501351,Amanda_Murphy@bright-gibbs.net,Murphy_0851c17edb3d10e4bafae81a8fd48bc4217c622a2b7683601e4d6e54909309da
Jeffery,Walker,19560624,65,46574799,Jeffery_Walker@watson.com,Walker_ba5b70beb5da9937281b1b304ea3c14fc14b5af5700d8808fb6c38e9eaa3baae
Stephen,Thompson,19511112,70,75033031,Stephen_Thompson@hess.com,Thompson_52cd0dff39622b93348bf8e0b1f49f7ba3743bb5c453a9c3fabbcbb20a249dcc
Gary,Barber,19551112,66,44790343,Gary_Barber@roberts.net,Barber_8e448348af94464594096566b0fc9a4698a841d0ccc52b47cba6fcaf9dab4c4b
Richard,Wilson,19990703,22,36349175,Richard_Wilson@hernandez.com,Wilson_f06267cf9d8e5270f9277e7dbb5e28d124c6ee530b8d3c310ba4b7464e0c788b
Joseph,Howard,19520726,69,46746383,Joseph_Howard@williams.com,Howard_99bdb6466e0c995f0e25b25141b22f1d95e3aa7561314ca1b862e3fe6c9ea707
Sarah,Bright,19981115,23,24327743,Sarah_Bright@winters.com,Bright_776f9a41b113aef2c9cdcd365493ec1be47030f9911429851cb1bb2467fc4064
Roger,Maddox,19810426,40,86988519,Roger_Maddox@richards.com,Maddox_6974f90f1f5ec28d9e6b4beffc55877d009646a2d03791367dcaea7d9fa9a9de
Adam,Parker,19980722,23,27783391,Adam_Parker@yoder.com,Parker_5ebc0abb24462787dec898837ff6a70a428ac7172adb8e6fc84a4398a656bcf3
Michael,Reilly,19720514,49,33876967,Michael_Reilly@cooper.net,Reilly_1c829c45a58e398f3bf811c2541907530c18914efbabee3c1748ade2faecd430
Jeffrey,Sanchez,19950914,26,73226919,Jeffrey_Sanchez@jones-butler.com,Sanchez_cf3c9f7fb394344dfab0722cdb92b4f7d51900cdd7f319fc741f5c46940121e7
Thomas,Burton,19750419,46,14613071,Thomas_Burton@dunn-avery.net,Burton_e624b356e6040ee1beaca8983975908fb28a074d264d66fbded4ecec5debf210
Haley,Baldwin,19650413,56,31940631,Haley_Baldwin@bush-wolfe.com,Baldwin_b3439751b3b821372836ba1a327b42440996726de15557b06bf8c2f4e2b516a3
Andrew,Matthews,19880219,33,90821359,Andrew_Matthews@ramos-vaughn.com,Matthews_33105e8ed392c0126da2717fd5a45afd755b521236b6341a6a36f2dd8b6452b9
April,Cole,19610622,60,65186503,April_Cole@vargas.com,Cole_2b0a2b4bb5b2ef4dfbba42911ed47f6fc3a99e5a2a5b0164145732a6f07a0f25
Michael,Chang,19900209,31,99632783,Michael_Chang@watkins.com,Chang_e27c88a559974b4ee2f23a91ac093f4ceb96cd1691d29155cdb67575865de388
Eric,Flores,19820701,39,36641663,Eric_Flores@dillon-patterson.com,Flores_8a42cfb51e4299a4574db744dfcd8a632e15214f5e66ce7223818335f344360d
Jessica,Moore,19990509,22,27155335,Jessica_Moore@harrison-bautista.com,Moore_6e3b775182a8c87066c9a0e6d75f02aa90acb6ce98060efa01f267685aeb281a
Michael,Miller,19640520,57,17581687,Michael_Miller@taylor-moore.com,Miller_375ad4efdd53459df6645f010b7348f805fb1a2607c9253b88e51f2bd3f00125
Brett,Willis,19610908,60,86342007,Brett_Willis@gibbs.com,Willis_d0046a36007b99168fc1a95eca0cece1e7981cd7ea8ab2b634f39fc2308eb59e
Stacy,Jones,19940909,27,71998399,Stacy_Jones@perez.com,Jones_c6f5ddb06c20b6117164c7b5da0a6c965f010e94b2814e7978f9d77c9deb8365
Taylor,Gomez,19821022,39,24007567,Taylor_Gomez@johnston.com,Gomez_876bfab6beb4e883b5946d96a39764457e2820dd778a2ebca567aeea624a694a
Jamie,Jackson,19770526,44,71512687,Jamie_Jackson@carr.com,Jackson_b59430af3a00e979f7498c35708262851d7ad86e834b2916fc3adc2464568c6a
Matthew,Morris,19981111,23,49822607,Matthew_Morris@boyle-novak.com,Morris_f965759114b1d4ebf920387127fb9b84e2c7fac772d4bc207348d80b4683679a
Terry,Pierce,19641009,57,91518459,Terry_Pierce@warner-reyes.com,Pierce_7b01fb463c2fa4de54286e3088a1e2209b09ca4fec64f24033b6667223e042a5
Matthew,Jacobson,19510412,70,99110191,Matthew_Jacobson@bishop-thomas.com,Jacobson_496c2639b492fb023d62117b6e1ef08ac20b92534678d9ecb6d559ef5d7dc620
Todd,Wheeler,19960409,25,50356375,Todd_Wheeler@woods.com,Wheeler_d8e9106672bc925d4e41d7fed89905f7e2d283b6a979a3c09bc95101af2f925b
Heather,Pierce,19570813,64,32413999,Heather_Pierce@williams-edwards.com,Pierce_1096d33a976577c3012237a0f4cd37c9313d6092d2d729407c876f4a328edf4f
Roger,Frost,19700217,51,94120431,Roger_Frost@cole-robinson.com,Frost_5ba4adee75e77fe0e059082aaeabb09cf4e1b41bcdd5cd1b264dcce503ecbcaf
Erika,Joseph,19810303,40,51075039,Erika_Joseph@romero.com,Joseph_f0dcb2decb5eff58565e18819f775dcf91a590ce3808f0d7fff22f39e7cba829
Brian,Johnson,19810617,40,76631695,Brian_Johnson@carr.com,Johnson_01409d6d7d10b81b946c69a413e1135caa2b77916267a3b18257a463cf80f9c6
Amber,Hopkins,19750831,46,15289039,Amber_Hopkins@hall.com,Hopkins_7c2f6ea24d5886371ec596c92620040e3299b2f997f8c9a6a7be4dbf1bd2e1cd
Bruce,Browning,19631113,58,22984503,Bruce_Browning@robertson-baldwin.com,Browning_1f631dc3ae8172d8d8e347344f00b1aa3de45b4785554d7ee4e62f88f3733a23
Benjamin,Conway,19551228,66,23338319,Benjamin_Conway@burton-paul.com,Conway_b14b917b879262124621e513e8b30bba89f932072f5528e09ab9cb0a7a5c85e4
Melissa,Ortiz,19580729,63,49637727,Melissa_Ortiz@lee-malone.com,Ortiz_84be03d63eee696a5c6083e080b9395c5b40bcc42558730d5e86c9163bafa89f
Gregory,Mclean,19610801,60,38860951,Gregory_Mclean@valencia.com,Mclean_3b78d366b3955e88a443e58060b6e3f04f6da9c2226e63f9fb3661f9a8c178b8
James,Phillips,19611019,60,89808183,James_Phillips@green-taylor.com,Phillips_c68d2611f2c0df057fee294518055bc124786287700b4df2782892e3317f236a
Dr.,Samuel,19840403,37,99063183,Samuel_Thompson@sanchez-carroll.com,Samuel_1604045d9446de830d92e4eb6a4cbe6445762d898ad34da21722cbc36acad4ac
Michael,Brady,19500323,71,65342263,Michael_Brady@wells-sanders.com,Brady_bd4315ca0ec15ca999ca771b7cf4f595ad9101d5bbec6fafd4e7aa6a4cc94324
Angela,Spencer,19980502,23,18410783,Angela_Spencer@lopez.com,Spencer_071ed58b6c99bdc6ef32b61f5702ddd974550b0802cfa5d10953061406e54c50
Pedro,Mitchell,19610927,60,99595743,Pedro_Mitchell@sims.com,Mitchell_31c89c90a5557f73db7cf446e170a91b19fc929991d864ae4053e875e53483af
Michelle,Kidd,19500222,71,80511627,Michelle_Kidd@klein-goodman.com,Kidd_ad9627573dc0a072dd7885b5b7b2573a248e4a21f531b328e066a472ab87d774
Mark,Bender,19690911,52,27354911,Mark_Bender@oneal-wilkins.com,Bender_b8ade0407fff1b434b9f99da419d63741b20456ea84859575acc2bf8151e1116
Daniel,Cunningham,19730326,48,78657983,Daniel_Cunningham@cooper.com,Cunningham_12799db20230da499d6f3c2aba6117c2a7949f470f806fabd2a35867e158e4cd
Brooke,Hernandez,19911114,30,97309975,Brooke_Hernandez@benitez.com,Hernandez_bcb5b43d833cd34931cdffdf1adc4d4e2befad5e2997ed83b1957a0a8602fed2
Janet,Choi,19860718,35,66675695,Janet_Choi@neal.com,Choi_e37de9364b12b8e0b99157ae91772dde55e30ec0291f166ddd98d7ac4894036f
Daniel,Smith,19860308,35,26613823,Daniel_Smith@cummings.com,Smith_e0b77c66df92433bf1991489a9054a6d8ab22dbea89d9f8d36969e69584ac795
Joseph,Bonilla,19740508,47,66912183,Joseph_Bonilla@freeman.com,Bonilla_07c60faafbd40f1e3931c0940b6af9fd7b1a6c5d5c5335304b44d16a760ed22d
Sherry,Peterson,19691126,52,91916671,Sherry_Peterson@dillon-barber.com,Peterson_c30b896418a42b5076761f93111cc32274172c1743944f32dcf5ef674e179d6d
Deborah,Williams,19841121,37,11357647,Deborah_Williams@howard.com,Williams_e69d3d76127868a63f8c220633e6b158295646747fb0460dda33d4807e6a8e6b
Austin,Bird,19760515,45,53713179,Austin_Bird@young-stout.com,Bird_868530799c9c6b7cc1d7a9e3b270dc71accbfd458ab2877bebcd2b3677d23693
Louis,Klein,19651220,56,33671863,Louis_Klein@phillips-allen.com,Klein_4316303d28f08d46b8b451fe6836570d1015b79462909ebd6a6fe61a9523c7af
Kenneth,Williamson,19540310,67,36169599,Kenneth_Williamson@perez.com,Williamson_2b72ad5a8ba9cb5d7afb1a05925bff2f3f4538f36786f4b6dd7e6e38e32e326a
Derek,Thomas,19640724,57,37329863,Derek_Thomas@green.com,Thomas_a6b2aa3ae82b67642a306591805ab137abbdd12f54f1e898be70286d60b1cd7b
Jessica,Vargas,19810517,40,48925903,Jessica_Vargas@miller-price.net,Vargas_ed53f131bc15c0d7bff0f25a4c703960f733dd336dc8a0d585a88f0c7982e116
Marc,Love,19550722,66,96796419,Marc_Love@martin.com,Love_95197824b9a56024f75784068ea9192f4447c3376dcae201d8bdfe0564560741
Marc,Davis,19800520,41,96597403,Marc_Davis@harris.com,Davis_7d08dbe478ed01be88c90c8f8f934db2fc3be0a15910f030a97165238774a86f
Jeremy,Rodriguez,19780828,43,32567967,Jeremy_Rodriguez@roth.com,Rodriguez_93ac7d664a8adc21de25dd0782fc475204cde2e9200e2cbfd2dfac011c77d3c9
Angela,West,19810427,40,59397207,Angela_West@anderson-fitzgerald.com,West_0afbac1e6ec260310e39c892ebcc987e3e24afe92dcbf7d35400897c961db44f
Sharon,Garza,20020830,19,59411567,Sharon_Garza@duran.com,Garza_401998ffee21c01c9e986e0dc2cb3cd8d7dfd3054e2036f42628298b960d0cb7
Jeremy,Strickland,19501223,71,20151487,Jeremy_Strickland@adkins.com,Strickland_c13f06f36eda90f0656b7272241aaca2bda00672c572385a937d5f4331444fc3
Caleb,Zuniga,19681028,53,36180711,Caleb_Zuniga@stone.net,Zuniga_a2d94d62c8e43938933cc548e28c6c6a48327fa51e1258318934d22c0e5e07a3
Holly,Riley,19740728,47,55620431,Holly_Riley@stokes.com,Riley_3e1f8050a32ae6b4f14e64e0804e9b31543d416cf553d54abbbfb6892533990e
Rachel,Shaw,19581223,63,66511687,Rachel_Shaw@stevenson-martinez.com,Shaw_45468facd00db3f24482e89b5a27494bb5bf1794303a683570682e32279968ec
Alyssa,Kim,19900811,31,59732335,Alyssa_Kim@beck-zuniga.com,Kim_bc531f53a3cc9436dc77e896427fa4d4c33e23f367c927bf253c74aa1f67f210
Michael,Serrano,19821107,39,12792543,Michael_Serrano@turner-maldonado.com,Serrano_9779bb2590d4f9ffe81bb7d944ce6da738e1534dba8aa0cd9b847cc917bd0e11
Laura,Vargas,19771009,44,40816943,Laura_Vargas@gallagher-young.com,Vargas_0365e1a4027d1b9ba4f52d470388aeed38e1643df9a04a7a672afd439dcd6214
Ashley,Spencer,19910126,30,68555775,Ashley_Spencer@anderson.com,Spencer_c60e6935c9888e6ae9d1ae929343d221676cf3b0d940801b97b298de94a833bc
Jimmy,Morris,19640120,57,31836895,Jimmy_Morris@hall-watkins.com,Morris_25892d5d48ca12e988e2ec744aa618295a0a9d95bd6480c5e52a164fc3540162
Patty,Smith,19750827,46,59428759,Patty_Smith@ross.com,Smith_c767760bbc58aa08a48e460c539aa6d0ce30bf4868aaf65eec0bbd865b7373b4
Courtney,Lopez,19710810,50,35323391,Courtney_Lopez@sanders.com,Lopez_93fe37d0397d096bf426468860216dd089247363e72994483eb39540f324b2b8
Caleb,Morales,19660329,55,69459679,Caleb_Morales@collins.com,Morales_0598c7a05260e8b9a0550116183e5c64d3a73fc51b49ce13415ec259dd8476a7
Miss,Molly,19771105,44,99947663,Molly_Miller@king-kelly.net,Molly_4ae09dfb77f536bb0369433a6c3921e89ec7e190ae5fdf457d8102e35cbd3af0
Sarah,Lewis,19810225,40,37945839,Sarah_Lewis@wyatt.com,Lewis_f236bd0bb5809ead8a2efa3e2221d0afd9b5e7750430663f9bfb8b7d8f618b18
Ryan,Ramirez,19850425,36,67907071,Ryan_Ramirez@pham.com,Ramirez_5ff322c956c99cf0b39dbcdedb578ba3642b6ad31701e8b78c2f0ca7776c58e2
Theresa,Newman,19941129,27,36575799,Theresa_Newman@perry-scott.com,Newman_069d112c6195ee2489c07caea0fa1b42d96572f527fd3488024f240c2111f57c
Christine,Peterson,19741119,47,57627175,Christine_Peterson@hamilton.com,Peterson_d30431cef9cd0146142383df9dc3901654ff1aaab8211b8582c38a34b34bfe36
Charles,Ruiz,19680113,54,85158255,Charles_Ruiz@sullivan-jones.com,Ruiz_1546f4b48927fe427bc31898136a708aadf9dda7cfe44bd3d60d87f9b2dd4248
Kelly,Levy,19940508,27,74468255,Kelly_Levy@barajas.com,Levy_b4299e19f98c40b9a5c1da8decddb309dcb1c0860b31ba8752f0e5d982d4778d
Bonnie,Franklin,19880714,33,22008807,Bonnie_Franklin@gillespie.com,Franklin_f8d94a8bc5fc3f487dc32ee0d159d1ddd36308be057d79edcaf2e5b0b89ed153
Barbara,Hudson,19971028,24,33194551,Barbara_Hudson@robinson-jones.com,Hudson_9d670955da83f06af1f3d3b6add07207a3e61c704cc0c293072145eea8d1c5bd
John,Hicks,19531209,68,95395487,John_Hicks@weber.com,Hicks_a01e40ca016f08482b126c882a399f3fd1c24f533cbf32b30d6b4061294ae59f
Paul,Phillips,19970216,24,11213063,Paul_Phillips@vance.com,Phillips_01acdbf6ec7b4f478a225f1a246e5d6767eeab1a7ffa17f025265b5b94f40f0c
John,Owens,19670424,54,71230983,John_Owens@callahan.com,Owens_4cd378336ee829b38e837efa87d501cc09da588032f99e980acbaaa1c4d8bd36
Matthew,Nelson,19580127,63,45515247,Matthew_Nelson@hunt.com,Nelson_49b5171268622caca99172ad4593626b3fdd5907bd926e3dee9a56ebb366bb5a
Misty,Cantrell,19570303,64,79619831,Misty_Cantrell@flores-decker.com,Cantrell_b19eba10f4f023da1c6c33604d8b045d2ce5d80656c3b1141d0596510d12fd8a
